p.Arg1906Gln,T60,KMT2C,missense_variant,0.561
p.Asp1319His,T50,KMT2C,missense_variant,0.4934
p.Asp1319His,T111,KMT2C,missense_variant,0.4934
p.Ser3588Leu,T139,KMT2C,missense_variant,0.4131
p.Thr3884Met,T58,KMT2C,missense_variant,0.5243
p.Ser2621Cys,T39,APC,missense_variant,0.4952
p.Ser2621Cys,T111,APC,missense_variant,0.4952
p.Glu192Ala,T55,FBXW7,missense_variant,0.4281
p.Cys420Ser,T142,APC,missense_variant,0.4732
p.Ser1400Leu,T129,APC,missense_variant,0.5548
p.Arg1906Gln,T69,ARID1A,missense_variant,0.4967
p.Asn2787Ser,T100,APC,missense_variant,0.4787
p.Asp1058Gly,T146,APC,missense_variant,0.3831
p.Gly4786Arg,T30,FAT4,missense_variant,0.4964
p.Gly4786Arg,T64,FAT4,missense_variant,0.4964
p.Ala3424Thr,T116,KMT2C,missense_variant,0.4856
p.Ser4710Cys,T5,FAT4,missense_variant,0.4605
p.Ser4710Cys,T18,FAT4,missense_variant,0.4605
p.Ser4710Cys,T55,FAT4,missense_variant,0.4605
p.Ser4710Cys,T109,FAT4,missense_variant,0.4605
p.Ser4710Cys,T133,FAT4,missense_variant,0.4605
p.Ser4710Cys,T145,FAT4,missense_variant,0.4605
p.Leu995Phe,T49,ERBB4,missense_variant,0.551
p.Thr3616Met,T117,FAT4,missense_variant,0.5168
p.Thr3616Met,T123,FAT4,missense_variant,0.5168
p.Thr3616Met,T127,FAT4,missense_variant,0.5168
p.Met111Val,T98,NRAS,missense_variant,0.4036
p.Thr1085Ala,T19,ERBB4,missense_variant,0.3317
p.Arg999His,T29,EGFR,missense_variant,0.3223
p.Cys186MetfsTer16,T28,KRAS,frameshift_variant,0.4396
p.Ile2399Thr,T132,FAT4,missense_variant,0.5483
p.Val1018Ala,T101,FAT4,missense_variant,0.4437
p.Met1167Thr,T86,FAT4,missense_variant,0.6519
p.Asp1853Asn,T77,FAT4,missense_variant,0.3603
p.Leu1177Ile,T98,ERBB3,missense_variant,0.5145
p.Ala2274Val,T13,APC,missense_variant,0.3145
p.Arg1589Gly,T149,APC,missense_variant,0.4741
p.Val1071Ala,T144,FAT4,missense_variant,0.3296
p.Gln1622Ter,T5,FAT4,stop_gained,0.3879
-,T132,POLE,splice_region_variant&intron_variant,0.3369
p.Ala3753Thr,T120,FAT4,missense_variant,0.3505
p.Ala187Pro,T136,SOX9,missense_variant,0.4924
p.Ala459Ser,T101,FAT4,missense_variant,0.4461
p.Pro697Arg,T103,POLE,missense_variant,0.5422
p.Asn369Ser,T41,ERBB3,missense_variant,0.5178
p.Ala2286Val,T4,APC,missense_variant,0.6564
p.Glu1317Gln,T29,APC,missense_variant,0.461
p.Glu1317Gln,T55,APC,missense_variant,0.461
p.Glu1317Gln,T90,APC,missense_variant,0.461
p.Glu1317Gln,T130,APC,missense_variant,0.461
p.Thr1957Met,T18,KMT2C,missense_variant,0.3631
p.Phe127Ser,T15,AMER1,missense_variant,0.4798
p.His134Pro,T72,AMER1,missense_variant,0.3765
p.His137Asp,T113,ARID1A,missense_variant,0.4919
p.Gly1457Val,T70,POLE,missense_variant,0.5136
p.Lys1996Arg,T46,FAT4,missense_variant,0.5491
p.Glu1151del,T35,APC,inframe_deletion,0.4438
p.Leu4219Val,T14,KMT2C,missense_variant,0.4798
p.Ile1307Lys,T63,APC,missense_variant,0.5289
p.Ile1307Lys,T111,APC,missense_variant,0.5289
-,T60,MAP2K1,splice_region_variant&intron_variant,0.5904
p.Pro1863Ala,T13,KMT2C,missense_variant,0.5096
p.Pro1863Ala,T16,KMT2C,missense_variant,0.5096
p.Pro1863Ala,T37,KMT2C,missense_variant,0.5096
p.Pro1863Ala,T49,KMT2C,missense_variant,0.5096
p.Pro1863Ala,T141,KMT2C,missense_variant,0.5096
p.Thr2598Ile,T149,APC,missense_variant,0.4855
p.Met373Ile,T28,TGFBR2,missense_variant,0.4669
p.Ser3752Gly,T68,FAT4,missense_variant,0.4943
p.Pro346dup,T1,SOX9,inframe_insertion,0.2025
p.Asn115Lys,T151,EGFR,missense_variant,0.4961
-,T110,HRAS,splice_region_variant&intron_variant,0.4895
p.Val3719Ile,T110,FAT4,missense_variant,0.505
p.Asp1083Glu,T125,APC,missense_variant,0.6087
p.Val387Met,T109,TGFBR2,missense_variant,0.4846
p.Gly253Cys,T70,APC,missense_variant,0.5272
p.Tyr3126Ter,T82,FAT4,stop_gained,0.5329
p.Ala2368Glu,T149,FAT4,missense_variant,0.4839
p.Val157Ile,T84,TP53,missense_variant,0.5449
p.Val157Ile,T146,TP53,missense_variant,0.5449
p.Met4369Val,T114,FAT4,missense_variant,0.5155
p.Arg609Leu,T26,RNF43,missense_variant,0.3888
p.Pro294=,T71,ERBB4,splice_region_variant&synonymous_variant,0.5265
p.Pro294=,T106,ERBB4,splice_region_variant&synonymous_variant,0.5265
p.Leu383Val,T130,TP53,missense_variant,0.379
p.Glu3134Asp,T20,FAT4,missense_variant,0.5406
