p.Arg438GlufsTer19,T87,ACVR2A,frameshift_variant,0.1885
p.Lys437GlufsTer19,T138,ACVR2A,frameshift_variant,0.2257
p.Arg438GlufsTer19,T66,ACVR2A,frameshift_variant,0.3354
p.Phe269IlefsTer6,T45,ACVR2A,frameshift_variant,0.4541
p.Asp96ArgfsTer4,T50,ACVR2A,frameshift_variant,0.4592
p.Val408GlyfsTer2,T29,ACVR2A,frameshift_variant,0.4831
p.Thr267_Ala268insGlnAsn,T45,ACVR2A,inframe_insertion,0.4413
p.Ser319_His320insLysArgAsnThrValHis,T38,ACVR2A,inframe_insertion,0.4587
p.Ser319_His320insLysArgAsnThrValHis,T6,ACVR2A,inframe_insertion,0.4829
p.Ser319_His320insLysArgAsnThrValHis,T45,ACVR2A,inframe_insertion,0.5498
p.Ser276Leu,T121,ACVR2A,missense_variant,0.0563
p.Glu305Lys,T147,ACVR2A,missense_variant,0.0566
p.Pro135Ser,T121,ACVR2A,missense_variant,0.0594
p.Ala281Val,T18,ACVR2A,missense_variant,0.062
p.Ala404Val,T151,ACVR2A,missense_variant,0.0656
p.Ser319Phe,T132,ACVR2A,missense_variant,0.0755
p.Asp405Asn,T118,ACVR2A,missense_variant,0.0822
p.Arg400Cys,T87,ACVR2A,missense_variant,0.2397
p.Arg363Trp,T32,ACVR2A,missense_variant,0.3066
p.Ile153Val,T46,ACVR2A,missense_variant,0.3638
p.His304Arg,T24,ACVR2A,missense_variant,0.447
p.Glu114AspfsTer20,T45,AKT1,frameshift_variant,0.5882
p.Pro388Leu,T2,AKT1,missense_variant,0.0506
p.Val7Met,T151,AKT1,missense_variant,0.0548
p.Lys8Arg,T93,AKT1,missense_variant,0.0571
p.Glu375Lys,T35,AKT1,missense_variant,0.0604
p.Val226Ile,T147,AKT1,missense_variant,0.0714
p.Glu278Asp,T93,AKT1,missense_variant,0.087
p.His194Tyr,T5,AKT1,missense_variant,0.0935
p.Ala188Thr,T5,AKT1,missense_variant,0.1017
p.Glu85Lys,T23,AKT1,missense_variant,0.2025
p.Arg465His,T122,AKT1,missense_variant,0.2691
p.Gln79Arg,T142,AKT1,missense_variant,0.2922
p.Gln43Ter,T121,AKT1,stop_gained,0.0714
p.Ser677PhefsTer43,T121,AMER1,frameshift_variant,0.0571
p.Ala744TyrfsTer14,T45,AMER1,frameshift_variant,0.0578
p.Gly105ValfsTer8,T38,AMER1,frameshift_variant,0.0902
p.Glu485GlyfsTer56,T28,AMER1,frameshift_variant,0.2761
p.Tyr705PhefsTer16,T38,AMER1,frameshift_variant,0.2882
p.Phe173LeufsTer36,T82,AMER1,frameshift_variant,0.3052
p.Pro248CysfsTer10,T45,AMER1,frameshift_variant,0.3296
p.Lys703AsnfsTer17,T38,AMER1,frameshift_variant,0.3411
p.Glu395AspfsTer10,T6,AMER1,frameshift_variant,0.3754
p.Glu157AspfsTer24,T38,AMER1,frameshift_variant,0.3992
p.Ala744TyrfsTer14,T38,AMER1,frameshift_variant,0.5181
p.Ser324ValfsTer12,T6,AMER1,frameshift_variant,0.5881
p.Arg704Cys,T151,AMER1,missense_variant,0.05
p.Asp307Asn,T13,AMER1,missense_variant,0.0504
p.Gly488Arg,T18,AMER1,missense_variant,0.0506
p.Ser463Ala,T28,AMER1,missense_variant,0.0507
p.Val155Met,T114,AMER1,missense_variant,0.0519
p.Ala603Thr,T29,AMER1,missense_variant,0.0544
p.Pro301Ser,T13,AMER1,missense_variant,0.0563
p.Met437Ile,T151,AMER1,missense_variant,0.0588
p.Glu597Lys,T18,AMER1,missense_variant,0.0594
p.Ala608Pro,T29,AMER1,missense_variant,0.0597
p.Ser318Phe,T121,AMER1,missense_variant,0.0615
p.Glu219Lys,T121,AMER1,missense_variant,0.0635
p.Ala608Pro,T137,AMER1,missense_variant,0.0645
p.Ala608Pro,T133,AMER1,missense_variant,0.0723
p.Gly432Ser,T18,AMER1,missense_variant,0.0727
p.Val155Gly,T22,AMER1,missense_variant,0.0748
p.Pro301Ser,T121,AMER1,missense_variant,0.0784
p.Ala608Pro,T76,AMER1,missense_variant,0.0806
p.Gly432Ser,T151,AMER1,missense_variant,0.0882
p.Asp793Asn,T147,AMER1,missense_variant,0.0909
p.Ala295Thr,T18,AMER1,missense_variant,0.0943
p.Glu152Lys,T151,AMER1,missense_variant,0.1
p.Ala608Pro,T39,AMER1,missense_variant,0.1268
p.Ala608Pro,T93,AMER1,missense_variant,0.1273
p.Ala608Pro,T4,AMER1,missense_variant,0.1333
p.Val651Ile,T47,AMER1,missense_variant,0.2221
p.Trp695Ter,T114,AMER1,stop_gained,0.0504
p.Arg497Ter,T73,AMER1,stop_gained,0.1738
p.Arg353Ter,T1,AMER1,stop_gained,0.2216
p.Arg497Ter,T58,AMER1,stop_gained,0.2266
p.Glu399Ter,T4,AMER1,stop_gained,0.2667
p.Arg358Ter,T137,AMER1,stop_gained,0.3182
p.Arg641Ter,T105,AMER1,stop_gained,0.3202
p.Glu510Ter,T123,AMER1,stop_gained,0.4187
p.Arg586Ter,T49,AMER1,stop_gained,0.5717
p.Asn1546LysfsTer2,T22,APC,frameshift_variant,0.0615
p.Ala449LeufsTer13,T69,APC,frameshift_variant,0.0616
p.Ser1465TrpfsTer3,T28,APC,frameshift_variant,0.0631
p.Tyr622GlyfsTer7,T61,APC,frameshift_variant,0.0647
p.Ser1279LeufsTer9,T5,APC,frameshift_variant,0.0714
p.Ser2064ArgfsTer27,T114,APC,frameshift_variant,0.0727
p.Thr2514IlefsTer7,T93,APC,frameshift_variant,0.0882
p.Glu2516ValfsTer49,T93,APC,frameshift_variant,0.0938
p.Lys1088GlnfsTer39,T69,APC,frameshift_variant,0.1206
p.Ile1307Ter,T13,APC,frameshift_variant,0.1478
p.Cys1502LeufsTer12,T82,APC,frameshift_variant,0.1513
p.Asp1084MetfsTer43,T83,APC,frameshift_variant,0.1516
p.Ala759SerfsTer16,T130,APC,frameshift_variant,0.1622
p.Leu548PhefsTer12,T31,APC,frameshift_variant,0.1645
p.His715Ter,T64,APC,frameshift_variant,0.1653
p.Ile1307AsnfsTer8,T63,APC,frameshift_variant,0.1678
p.Leu1488PhefsTer25,T81,APC,frameshift_variant,0.1712
p.Glu1309AspfsTer4,T14,APC,frameshift_variant,0.1728
p.Glu1309AspfsTer4,T42,APC,frameshift_variant,0.1768
p.Tyr997Ter,T81,APC,frameshift_variant,0.1875
p.Tyr796TrpfsTer2,T51,APC,frameshift_variant,0.191
p.Thr1556AsnfsTer3,T105,APC,frameshift_variant,0.1925
p.Ser1465TrpfsTer3,T2,APC,frameshift_variant,0.2047
p.Gly977SerfsTer7,T8,APC,frameshift_variant,0.2131
p.His715GlnfsTer2,T64,APC,frameshift_variant,0.2135
p.Thr1493ArgfsTer14,T9,APC,frameshift_variant,0.2136
p.Thr899AsnfsTer13,T99,APC,frameshift_variant,0.2198
p.Ser2427LysfsTer15,T45,APC,frameshift_variant,0.2238
p.Ser1411ArgfsTer4,T94,APC,frameshift_variant,0.2261
p.Leu1489TyrfsTer19,T124,APC,frameshift_variant,0.2333
p.Leu1488PhefsTer23,T46,APC,frameshift_variant,0.2343
p.Asn813LysfsTer6,T65,APC,frameshift_variant,0.2366
p.Tyr1376CysfsTer9,T65,APC,frameshift_variant,0.2379
p.Ser678ValfsTer40,T63,APC,frameshift_variant,0.2421
p.Ile606AsnfsTer28,T149,APC,frameshift_variant,0.245
p.Asn2705GlnfsTer4,T38,APC,frameshift_variant,0.2464
p.Asp1084MetfsTer43,T129,APC,frameshift_variant,0.2483
p.Leu779Ter,T50,APC,frameshift_variant,0.2511
p.Ser2427LysfsTer15,T38,APC,frameshift_variant,0.2527
p.Ser1495ValfsTer12,T89,APC,frameshift_variant,0.2542
p.Ser1391Ter,T96,APC,frameshift_variant,0.2543
p.Thr1556AsnfsTer3,T71,APC,frameshift_variant,0.2558
p.Ala1582ValfsTer69,T121,APC,frameshift_variant,0.2564
p.Gln1444LysfsTer29,T92,APC,frameshift_variant,0.2599
p.Ser1355CysfsTer9,T10,APC,frameshift_variant,0.2603
p.Asp1285GlufsTer3,T24,APC,frameshift_variant,0.2632
p.Tyr1376SerfsTer14,T60,APC,frameshift_variant,0.2669
p.Leu1488PhefsTer26,T145,APC,frameshift_variant,0.2685
p.Gln541ThrfsTer19,T41,APC,frameshift_variant,0.2743
p.Asn2705GlnfsTer4,T6,APC,frameshift_variant,0.2808
p.Asn2705LysfsTer9,T6,APC,frameshift_variant,0.3085
p.Ser1411ArgfsTer4,T52,APC,frameshift_variant,0.313
p.Thr1430ProfsTer43,T128,APC,frameshift_variant,0.3159
p.His1349IlefsTer21,T90,APC,frameshift_variant,0.317
p.Ile1524LysfsTer41,T55,APC,frameshift_variant,0.319
p.Glu241SerfsTer10,T140,APC,frameshift_variant,0.3208
p.Glu1309ArgfsTer6,T99,APC,frameshift_variant,0.322
p.Ile1269MetfsTer6,T14,APC,frameshift_variant,0.323
p.Val1452AlafsTer39,T102,APC,frameshift_variant,0.3252
p.Asn813PhefsTer2,T145,APC,frameshift_variant,0.3322
p.Thr1493ArgfsTer14,T110,APC,frameshift_variant,0.3424
p.Glu1309LysfsTer12,T26,APC,frameshift_variant,0.3456
p.Gly567GlufsTer3,T29,APC,frameshift_variant,0.3464
p.Glu1309AspfsTer4,T75,APC,frameshift_variant,0.359
p.Gln1062Ter,T75,APC,frameshift_variant,0.3597
p.Val2112ArgfsTer3,T6,APC,frameshift_variant,0.3659
p.Pro1330GlnfsTer11,T56,APC,frameshift_variant,0.3733
p.Ser2113IlefsTer26,T6,APC,frameshift_variant,0.3797
p.Thr2563LysfsTer23,T38,APC,frameshift_variant,0.3923
p.Glu1309AspfsTer4,T39,APC,frameshift_variant,0.3989
p.Lys2180ThrfsTer6,T6,APC,frameshift_variant,0.3995
p.Asn1859IlefsTer8,T6,APC,frameshift_variant,0.403
p.Pro112GlnfsTer17,T38,APC,frameshift_variant,0.4048
p.Ser2113IlefsTer26,T38,APC,frameshift_variant,0.4063
p.Tyr2007GlnfsTer10,T45,APC,frameshift_variant,0.4065
p.Asp1133ThrfsTer4,T6,APC,frameshift_variant,0.4093
p.Asp1133AlafsTer36,T6,APC,frameshift_variant,0.4113
p.Thr1301IlefsTer5,T51,APC,frameshift_variant,0.4178
p.Pro112GlnfsTer17,T6,APC,frameshift_variant,0.4237
p.Thr2563LysfsTer23,T45,APC,frameshift_variant,0.429
p.Trp2564ValfsTer31,T45,APC,frameshift_variant,0.4444
p.Asp1860AlafsTer7,T45,APC,frameshift_variant,0.4573
p.Trp2564ValfsTer31,T38,APC,frameshift_variant,0.4639
p.Ser2772LysfsTer9,T38,APC,frameshift_variant,0.4673
p.Pro2351LysfsTer7,T6,APC,frameshift_variant,0.4685
p.Arg1399PhefsTer9,T151,APC,frameshift_variant,0.4731
p.Thr1556AsnfsTer3,T16,APC,frameshift_variant,0.4795
p.Asp990GlyfsTer8,T6,APC,frameshift_variant,0.4843
p.Ser1362LeufsTer13,T113,APC,frameshift_variant,0.4938
p.Gly1339ValfsTer3,T33,APC,frameshift_variant,0.5
p.Leu1382ThrfsTer4,T98,APC,frameshift_variant,0.5054
p.Glu847LysfsTer7,T45,APC,frameshift_variant,0.5083
p.Pro112GlnfsTer17,T45,APC,frameshift_variant,0.5183
p.Ser1415ArgfsTer4,T150,APC,frameshift_variant,0.5185
p.Asn1455IlefsTer18,T61,APC,frameshift_variant,0.5391
p.Ser2772LysfsTer9,T45,APC,frameshift_variant,0.5738
p.Asn942IlefsTer13,T83,APC,frameshift_variant,0.5925
p.Asp1394GlyfsTer2,T88,APC,frameshift_variant,0.5971
p.Asp1486ValfsTer21,T80,APC,frameshift_variant,0.6703
p.Pro1319LeufsTer2,T37,APC,frameshift_variant,0.6874
p.Pro1319LeufsTer2,T17,APC,frameshift_variant,0.7121
p.Lys714del,T64,APC,inframe_deletion,0.1938
p.Leu16_Lys17insGlnAsnAlaIleLeu,T38,APC,inframe_insertion,0.3612
p.Gly2006_Tyr2007insLysThrGlnTyrCysThr,T38,APC,inframe_insertion,0.3867
p.Ser2562_Thr2563insAsn,T6,APC,inframe_insertion,0.4116
p.Asn1859_Asp1860insGlnAsn,T45,APC,inframe_insertion,0.4382
p.Gly2006_Tyr2007insLysThrGlnTyrCysThr,T6,APC,inframe_insertion,0.457
p.Cys420_Trp421insGlyLysThrGlnTyrCysThr,T6,APC,inframe_insertion,0.4956
p.Ser1404_Val1405insGlnAsn,T38,APC,inframe_insertion,0.5395
p.Ser1404_Val1405insGlnAsn,T6,APC,inframe_insertion,0.6067
p.Ala59Val,T22,APC,missense_variant,0.0504
p.Val442Ile,T114,APC,missense_variant,0.0506
p.Gly375Ser,T121,APC,missense_variant,0.0516
p.Ser42Tyr,T5,APC,missense_variant,0.0536
p.Ser1081Asn,T18,APC,missense_variant,0.0545
p.Glu847Lys,T151,APC,missense_variant,0.0563
p.Ser1275Asn,T5,APC,missense_variant,0.0566
p.Val1520Met,T132,APC,missense_variant,0.0571
p.Thr584Ile,T18,APC,missense_variant,0.0588
p.Arg1523Ile,T29,APC,missense_variant,0.0591
p.Thr182Ile,T151,APC,missense_variant,0.0594
p.Arg1523Ile,T129,APC,missense_variant,0.0597
p.Pro745Ser,T121,APC,missense_variant,0.06
p.Thr2077Ile,T151,APC,missense_variant,0.0606
p.Arg1523Ile,T22,APC,missense_variant,0.0612
p.Glu138Lys,T151,APC,missense_variant,0.0645
p.Asp459Asn,T122,APC,missense_variant,0.065
p.Val1872Ile,T114,APC,missense_variant,0.0667
p.Leu37Gln,T121,APC,missense_variant,0.0673
p.Glu1149Lys,T147,APC,missense_variant,0.0678
p.Asp651Asn,T151,APC,missense_variant,0.0702
p.Asp1138Asn,T151,APC,missense_variant,0.0714
p.Gly1357Glu,T151,APC,missense_variant,0.0723
p.Arg1523Ile,T18,APC,missense_variant,0.0725
p.Glu1544Lys,T147,APC,missense_variant,0.0727
p.Arg1523Ile,T13,APC,missense_variant,0.0743
p.Arg1523Ile,T114,APC,missense_variant,0.0753
p.Pro2665Leu,T18,APC,missense_variant,0.0759
p.Pro2622Ser,T151,APC,missense_variant,0.0769
p.Pro2450Ser,T84,APC,missense_variant,0.0781
p.Arg1523Ile,T5,APC,missense_variant,0.0828
p.Thr803Ile,T151,APC,missense_variant,0.0833
p.Gly1412Arg,T121,APC,missense_variant,0.0843
p.Val2728Met,T151,APC,missense_variant,0.0845
p.Arg1523Ile,T146,APC,missense_variant,0.0874
p.Pro1960Ser,T23,APC,missense_variant,0.0902
p.Thr584Ile,T147,APC,missense_variant,0.0952
p.Leu172Phe,T132,APC,missense_variant,0.1
p.Asp1083Tyr,T18,APC,missense_variant,0.1062
p.Leu1087His,T121,APC,missense_variant,0.1068
p.Ser1081Asn,T147,APC,missense_variant,0.1071
p.Gln2376Lys,T84,APC,missense_variant,0.1176
p.Asp1083Tyr,T114,APC,missense_variant,0.1224
p.Pro2312Ser,T151,APC,missense_variant,0.1231
p.Arg1523Ile,T93,APC,missense_variant,0.1325
p.Ala2584Pro,T151,APC,missense_variant,0.1333
p.Ser2512Ile,T121,APC,missense_variant,0.1489
p.Asp1083Tyr,T151,APC,missense_variant,0.1702
p.Gln2376Lys,T22,APC,missense_variant,0.1746
p.Lys716Thr,T64,APC,missense_variant,0.1885
p.Arg2833Cys,T23,APC,missense_variant,0.228
p.Ser1971Tyr,T23,APC,missense_variant,0.2474
p.Val1320Leu,T123,APC,missense_variant,0.2593
p.Arg71Cys,T142,APC,missense_variant,0.2727
p.Phe1384Leu,T151,APC,missense_variant,0.2857
-,T132,APC,splice_acceptor_variant,0.0769
-,T73,APC,splice_acceptor_variant,0.1556
-,T143,APC,splice_acceptor_variant,0.1948
p.Leu472ThrfsTer13,T89,APC,splice_acceptor_variant,0.26
-,T25,APC,splice_acceptor_variant,0.2761
-,T74,APC,splice_acceptor_variant,0.5352
p.Arg302Ter,T148,APC,stop_gained,0.0547
p.Arg213Ter,T34,APC,stop_gained,0.0556
p.Gln52Ter,T151,APC,stop_gained,0.0571
p.Ser1392Ter,T134,APC,stop_gained,0.0624
p.Arg2237Ter,T23,APC,stop_gained,0.0859
p.Glu1544Ter,T73,APC,stop_gained,0.0975
p.Gln238Ter,T133,APC,stop_gained,0.1
p.Arg213Ter,T4,APC,stop_gained,0.1006
p.Arg564Ter,T109,APC,stop_gained,0.1065
p.Gln1175Ter,T1,APC,stop_gained,0.111
p.Arg216Ter,T134,APC,stop_gained,0.1167
p.Lys1308Ter,T79,APC,stop_gained,0.118
p.Glu1064Ter,T79,APC,stop_gained,0.1185
p.Gly1312Ter,T42,APC,stop_gained,0.1275
p.Tyr799Ter,T34,APC,stop_gained,0.1281
p.Gln1444Ter,T76,APC,stop_gained,0.1448
p.Gln1367Ter,T101,APC,stop_gained,0.1515
p.Ser1194Ter,T93,APC,stop_gained,0.1558
p.Glu1544Ter,T23,APC,stop_gained,0.1563
p.Arg1450Ter,T1,APC,stop_gained,0.1565
p.Glu941Ter,T76,APC,stop_gained,0.1608
p.Arg1450Ter,T29,APC,stop_gained,0.162
p.Glu1538Ter,T38,APC,stop_gained,0.1693
p.Arg405Ter,T38,APC,stop_gained,0.1768
p.Arg1463Ter,T58,APC,stop_gained,0.1793
p.Arg1450Ter,T147,APC,stop_gained,0.1886
p.Arg405Ter,T147,APC,stop_gained,0.1908
p.Tyr935Ter,T107,APC,stop_gained,0.1935
p.Arg283Ter,T56,APC,stop_gained,0.1952
p.Glu1513Ter,T4,APC,stop_gained,0.1983
p.Arg876Ter,T68,APC,stop_gained,0.2002
p.Glu477Ter,T124,APC,stop_gained,0.2031
p.Arg213Ter,T22,APC,stop_gained,0.2035
p.Arg302Ter,T129,APC,stop_gained,0.2049
p.Gln789Ter,T91,APC,stop_gained,0.2095
p.Arg213Ter,T123,APC,stop_gained,0.2124
p.Lys1333Ter,T64,APC,stop_gained,0.2145
p.Arg1114Ter,T92,APC,stop_gained,0.2195
p.Glu1306Ter,T95,APC,stop_gained,0.2277
p.Arg302Ter,T60,APC,stop_gained,0.2286
p.Tyr1376Ter,T129,APC,stop_gained,0.2313
p.Arg283Ter,T28,APC,stop_gained,0.2345
p.Ser943Ter,T23,APC,stop_gained,0.2372
p.Gln1328Ter,T127,APC,stop_gained,0.2384
p.Arg405Ter,T71,APC,stop_gained,0.2397
p.Tyr799Ter,T117,APC,stop_gained,0.2404
p.Arg216Ter,T144,APC,stop_gained,0.2432
p.Arg302Ter,T96,APC,stop_gained,0.2453
p.Glu1064Ter,T7,APC,stop_gained,0.2472
p.Arg554Ter,T71,APC,stop_gained,0.254
p.Glu1306Ter,T149,APC,stop_gained,0.2557
p.Arg1450Ter,T123,APC,stop_gained,0.2565
p.Glu902Ter,T105,APC,stop_gained,0.2582
p.Arg876Ter,T55,APC,stop_gained,0.2605
p.Glu1309Ter,T21,APC,stop_gained,0.2619
p.Arg1450Ter,T50,APC,stop_gained,0.2633
p.Arg216Ter,T90,APC,stop_gained,0.2653
p.Gln1067Ter,T46,APC,stop_gained,0.2666
p.Arg283Ter,T42,APC,stop_gained,0.2677
p.Ser1356Ter,T20,APC,stop_gained,0.2731
p.Arg216Ter,T12,APC,stop_gained,0.2754
p.Arg283Ter,T94,APC,stop_gained,0.2784
p.Glu190Ter,T136,APC,stop_gained,0.2834
p.Glu1286Ter,T35,APC,stop_gained,0.2913
p.Glu1322Ter,T136,APC,stop_gained,0.2937
p.Arg876Ter,T6,APC,stop_gained,0.2946
p.Glu1408Ter,T54,APC,stop_gained,0.2953
p.Arg216Ter,T101,APC,stop_gained,0.3
p.Trp685Ter,T133,APC,stop_gained,0.301
p.Arg876Ter,T141,APC,stop_gained,0.3046
p.Arg213Ter,T143,APC,stop_gained,0.3091
p.Glu1057Ter,T54,APC,stop_gained,0.3117
p.Arg283Ter,T35,APC,stop_gained,0.3122
p.Lys580Ter,T21,APC,stop_gained,0.3151
p.Gln1429Ter,T6,APC,stop_gained,0.3213
p.Arg564Ter,T118,APC,stop_gained,0.3248
p.Arg1114Ter,T120,APC,stop_gained,0.3302
p.Gly267Ter,T147,APC,stop_gained,0.3304
p.Gln1406Ter,T144,APC,stop_gained,0.3327
p.Arg232Ter,T103,APC,stop_gained,0.3333
p.Arg283Ter,T110,APC,stop_gained,0.3391
p.Arg216Ter,T100,APC,stop_gained,0.3396
p.Tyr1031Ter,T97,APC,stop_gained,0.3442
p.Glu1397Ter,T133,APC,stop_gained,0.3476
p.Arg554Ter,T95,APC,stop_gained,0.3494
p.Arg1463Ter,T137,APC,stop_gained,0.3529
p.Glu1397Ter,T118,APC,stop_gained,0.3602
p.Arg1450Ter,T107,APC,stop_gained,0.3627
p.Arg564Ter,T2,APC,stop_gained,0.3683
p.Lys693Ter,T137,APC,stop_gained,0.375
p.Arg216Ter,T34,APC,stop_gained,0.3896
p.Gln1244Ter,T108,APC,stop_gained,0.39
p.Glu1295Ter,T3,APC,stop_gained,0.4138
p.Ser1276Ter,T53,APC,stop_gained,0.4159
p.Gln1367Ter,T103,APC,stop_gained,0.4175
p.Lys1308Ter,T72,APC,stop_gained,0.4228
p.Gln1294Ter,T119,APC,stop_gained,0.4308
p.Ser1400Ter,T115,APC,stop_gained,0.4457
p.Arg805Ter,T43,APC,stop_gained,0.448
p.Arg499Ter,T121,APC,stop_gained,0.4545
p.Gln1294Ter,T78,APC,stop_gained,0.4553
p.Gln1378Ter,T70,APC,stop_gained,0.4615
p.Arg554Ter,T25,APC,stop_gained,0.4666
p.Glu1286Ter,T111,APC,stop_gained,0.4724
p.Glu1309Ter,T67,APC,stop_gained,0.476
p.Arg283Ter,T125,APC,stop_gained,0.4804
p.Arg876Ter,T116,APC,stop_gained,0.4857
p.Glu941Ter,T84,APC,stop_gained,0.4894
p.Arg1114Ter,T47,APC,stop_gained,0.5252
p.Arg216Ter,T117,APC,stop_gained,0.5373
p.Arg232Ter,T57,APC,stop_gained,0.609
p.Glu1286Ter,T86,APC,stop_gained,0.6214
p.Glu1353Ter,T106,APC,stop_gained,0.6495
p.Gln1429Ter,T139,APC,stop_gained,0.7189
p.Gln1328Ter,T18,APC,stop_gained,0.7789
p.Gln1404SerfsTer78,T93,ARID1A,frameshift_variant,0.05
p.Ser280ArgfsTer82,T67,ARID1A,frameshift_variant,0.0513
p.Gln563ArgfsTer56,T151,ARID1A,frameshift_variant,0.0606
p.Asp972GlufsTer35,T147,ARID1A,frameshift_variant,0.0714
p.Lys327GlyfsTer69,T26,ARID1A,frameshift_variant,0.08
p.Pro683SerfsTer133,T82,ARID1A,frameshift_variant,0.1369
p.Met1634HisfsTer14,T131,ARID1A,frameshift_variant,0.1503
p.Phe2141SerfsTer59,T138,ARID1A,frameshift_variant,0.1663
p.Pro1326ArgfsTer155,T27,ARID1A,frameshift_variant,0.1755
p.Pro179LysfsTer226,T38,ARID1A,frameshift_variant,0.2228
p.Ser11AlafsTer90,T3,ARID1A,frameshift_variant,0.2342
p.Arg1721ProfsTer6,T35,ARID1A,frameshift_variant,0.2488
p.Asn1433MetfsTer55,T38,ARID1A,frameshift_variant,0.2791
p.Trp337AlafsTer33,T45,ARID1A,frameshift_variant,0.3031
p.Pro179LysfsTer226,T45,ARID1A,frameshift_variant,0.3365
p.Met362LysfsTer43,T38,ARID1A,frameshift_variant,0.3458
p.Ser241LysfsTer165,T6,ARID1A,frameshift_variant,0.3511
p.His684GlnfsTer137,T6,ARID1A,frameshift_variant,0.369
p.Phe1823LysfsTer66,T38,ARID1A,frameshift_variant,0.3789
p.Cys2094PhefsTer7,T6,ARID1A,frameshift_variant,0.3926
p.Cys2094GlnfsTer11,T38,ARID1A,frameshift_variant,0.4059
p.Cys2094GlnfsTer11,T45,ARID1A,frameshift_variant,0.432
p.His1336GlnfsTer149,T6,ARID1A,frameshift_variant,0.4422
p.Val2162AlafsTer69,T38,ARID1A,frameshift_variant,0.4476
p.Met1564Ter,T131,ARID1A,frameshift_variant,0.4762
p.Val2162AlafsTer69,T45,ARID1A,frameshift_variant,0.4795
p.Phe1750ProfsTer27,T45,ARID1A,frameshift_variant,0.4832
p.Asp1536LysfsTer41,T45,ARID1A,frameshift_variant,0.4987
p.His684GlnfsTer137,T38,ARID1A,frameshift_variant,0.509
p.Pro361GlnfsTer40,T45,ARID1A,frameshift_variant,0.526
p.Met362GlnfsTer5,T45,ARID1A,frameshift_variant,0.5286
p.Val2274GlyfsTer12,T45,ARID1A,frameshift_variant,0.5467
p.Asp1536AlafsTer33,T6,ARID1A,frameshift_variant,0.5624
p.Ser1558CysfsTer11,T12,ARID1A,frameshift_variant,0.6136
p.Gln758ArgfsTer75,T66,ARID1A,frameshift_variant,0.7755
p.Ser256del,T42,ARID1A,inframe_deletion,0.1325
p.Arg1335_His1336insAsnThrVal,T45,ARID1A,inframe_insertion,0.353
p.Cys2094_Pro2095insAsnThrVal,T6,ARID1A,inframe_insertion,0.4347
p.Thr1921_Leu1922insLysThrGlnTyrCysThr,T6,ARID1A,inframe_insertion,0.4454
p.Thr1921_Leu1922insLysThrGlnTyrCysThr,T38,ARID1A,inframe_insertion,0.4484
p.Thr1921_Leu1922insLysThrGlnTyrCysThr,T45,ARID1A,inframe_insertion,0.4605
p.Thr1535_Asp1536insGlnAsn,T6,ARID1A,inframe_insertion,0.5178
p.Val2274_Ile2275insLeuTyr,T45,ARID1A,inframe_insertion,0.5851
p.Gln379Pro,T136,ARID1A,missense_variant,0.0503
p.Ser265Phe,T114,ARID1A,missense_variant,0.0504
p.Gln379Pro,T90,ARID1A,missense_variant,0.0506
p.Glu1017Lys,T151,ARID1A,missense_variant,0.0508
p.Ala718Gly,T147,ARID1A,missense_variant,0.051
p.Gln379Pro,T75,ARID1A,missense_variant,0.0516
p.Ser350Ala,T65,ARID1A,missense_variant,0.0517
p.Pro1240Ser,T118,ARID1A,missense_variant,0.0522
p.Ser350Ala,T32,ARID1A,missense_variant,0.0523
p.Pro776Leu,T19,ARID1A,missense_variant,0.0526
p.Ser949Phe,T22,ARID1A,missense_variant,0.0531
p.Gly827Asp,T118,ARID1A,missense_variant,0.0533
p.Pro1574Leu,T114,ARID1A,missense_variant,0.0536
p.Met387Ile,T5,ARID1A,missense_variant,0.0552
p.Val63Gly,T43,ARID1A,missense_variant,0.0556
p.Gln379Pro,T11,ARID1A,missense_variant,0.056
p.Ser350Ala,T77,ARID1A,missense_variant,0.0562
p.Pro224Ser,T92,ARID1A,missense_variant,0.0566
p.Arg857Lys,T93,ARID1A,missense_variant,0.0571
p.Pro545Ser,T8,ARID1A,missense_variant,0.0575
p.Pro293Leu,T84,ARID1A,missense_variant,0.0588
p.Gln379Pro,T107,ARID1A,missense_variant,0.0591
p.Ser350Ala,T16,ARID1A,missense_variant,0.0592
p.Ala291Val,T5,ARID1A,missense_variant,0.0595
p.Pro580Ser,T118,ARID1A,missense_variant,0.0597
p.Ser350Ala,T86,ARID1A,missense_variant,0.0612
p.Ser350Ala,T132,ARID1A,missense_variant,0.0633
p.Pro545Ser,T151,ARID1A,missense_variant,0.0635
p.Gly807Asp,T118,ARID1A,missense_variant,0.0638
p.Pro545Ser,T61,ARID1A,missense_variant,0.0641
p.Tyr229Asp,T43,ARID1A,missense_variant,0.0642
p.Ser350Ala,T8,ARID1A,missense_variant,0.0647
p.Gln185Glu,T35,ARID1A,missense_variant,0.0658
p.Gln1411Pro,T2,ARID1A,missense_variant,0.0667
p.Val168Gly,T113,ARID1A,missense_variant,0.0672
p.Arg2236Pro,T114,ARID1A,missense_variant,0.0677
p.Glu33Lys,T35,ARID1A,missense_variant,0.0678
p.Tyr311His,T93,ARID1A,missense_variant,0.0684
p.Ser350Ala,T134,ARID1A,missense_variant,0.069
p.Pro225Leu,T60,ARID1A,missense_variant,0.0702
p.Ile736Met,T22,ARID1A,missense_variant,0.0714
p.Pro1557Ser,T117,ARID1A,missense_variant,0.0755
p.Glu23Lys,T121,ARID1A,missense_variant,0.0769
p.Ser350Ala,T4,ARID1A,missense_variant,0.0774
p.Ser350Ala,T93,ARID1A,missense_variant,0.08
p.Pro545Leu,T69,ARID1A,missense_variant,0.0816
p.Ser350Ala,T39,ARID1A,missense_variant,0.0884
p.Val168Gly,T28,ARID1A,missense_variant,0.0909
p.Ala718Gly,T121,ARID1A,missense_variant,0.093
p.Gly133Arg,T15,ARID1A,missense_variant,0.0938
p.Ser317Arg,T35,ARID1A,missense_variant,0.094
p.Gln379Pro,T105,ARID1A,missense_variant,0.0943
p.Tyr311His,T91,ARID1A,missense_variant,0.0971
p.Gln288Pro,T43,ARID1A,missense_variant,0.1
p.Ser350Ala,T105,ARID1A,missense_variant,0.1024
p.Pro550Ser,T122,ARID1A,missense_variant,0.1026
p.Val63Gly,T68,ARID1A,missense_variant,0.1042
p.Ser350Ala,T101,ARID1A,missense_variant,0.1064
p.Val63Gly,T82,ARID1A,missense_variant,0.1067
p.Ala718Gly,T118,ARID1A,missense_variant,0.1071
p.Gly1762Arg,T151,ARID1A,missense_variant,0.1132
p.Glu38Ala,T31,ARID1A,missense_variant,0.1169
p.Val63Gly,T150,ARID1A,missense_variant,0.119
p.Val63Gly,T44,ARID1A,missense_variant,0.125
p.Ala282Thr,T35,ARID1A,missense_variant,0.129
p.Val63Gly,T4,ARID1A,missense_variant,0.1304
p.Tyr311His,T118,ARID1A,missense_variant,0.1321
p.Ser317Arg,T22,ARID1A,missense_variant,0.1341
p.Val63Gly,T134,ARID1A,missense_variant,0.1379
p.Ser745Asn,T121,ARID1A,missense_variant,0.1404
p.Val63Gly,T122,ARID1A,missense_variant,0.1429
p.Val63Gly,T91,ARID1A,missense_variant,0.1463
p.Gln379Pro,T35,ARID1A,missense_variant,0.1489
p.Val63Gly,T61,ARID1A,missense_variant,0.15
p.Pro765His,T113,ARID1A,missense_variant,0.1538
p.Ser350Ala,T118,ARID1A,missense_variant,0.1571
p.Val63Gly,T20,ARID1A,missense_variant,0.1746
p.Val63Gly,T146,ARID1A,missense_variant,0.1765
p.Val63Gly,T76,ARID1A,missense_variant,0.1786
p.Pro293Ser,T29,ARID1A,missense_variant,0.1818
p.Val63Gly,T93,ARID1A,missense_variant,0.1852
p.Val63Gly,T118,ARID1A,missense_variant,0.1875
p.Val63Gly,T96,ARID1A,missense_variant,0.1923
p.Pro550Ser,T15,ARID1A,missense_variant,0.1951
p.Val63Gly,T132,ARID1A,missense_variant,0.1972
p.Val63Gly,T147,ARID1A,missense_variant,0.2
p.Arg774His,T132,ARID1A,missense_variant,0.2051
p.Pro757Leu,T87,ARID1A,missense_variant,0.2121
p.Glu38Ala,T39,ARID1A,missense_variant,0.2162
p.Val63Gly,T32,ARID1A,missense_variant,0.2222
p.Val63Gly,T22,ARID1A,missense_variant,0.2273
p.Arg1989Gln,T23,ARID1A,missense_variant,0.2428
p.Val63Gly,T2,ARID1A,missense_variant,0.2727
-,T45,ARID1A,splice_acceptor_variant,0.3523
p.Glu2224Ter,T13,ARID1A,stop_gained,0.0507
p.Gln743Ter,T22,ARID1A,stop_gained,0.0548
p.Trp1073Ter,T151,ARID1A,stop_gained,0.0556
p.Gln799Ter,T118,ARID1A,stop_gained,0.0625
p.Gln799Ter,T4,ARID1A,stop_gained,0.0645
p.Gln546Ter,T114,ARID1A,stop_gained,0.0662
p.Gln297Ter,T29,ARID1A,stop_gained,0.0676
p.Gln546Ter,T34,ARID1A,stop_gained,0.0732
p.Gln297Ter,T15,ARID1A,stop_gained,0.0769
p.Gln1573Ter,T151,ARID1A,stop_gained,0.1
p.Gln561Ter,T5,ARID1A,stop_gained,0.1081
p.Gln546Ter,T122,ARID1A,stop_gained,0.16
p.Arg1276Ter,T102,ARID1A,stop_gained,0.1813
p.Gln588Ter,T21,ARID1A,stop_gained,0.223
p.Gln2026Ter,T12,ARID1A,stop_gained,0.2883
p.Arg1461Ter,T25,ARID1A,stop_gained,0.3215
p.Tyr1393Ter,T62,ARID1A,stop_gained,0.3741
p.Ser37TrpfsTer17,T93,BRAF,frameshift_variant,0.0667
p.Thr488HisfsTer14,T122,BRAF,frameshift_variant,0.2374
p.Leu485PhefsTer15,T122,BRAF,frameshift_variant,0.2442
p.Glu351AspfsTer25,T6,BRAF,frameshift_variant,0.3766
p.Glu351AspfsTer25,T38,BRAF,frameshift_variant,0.4603
p.Glu351AspfsTer25,T45,BRAF,frameshift_variant,0.5258
p.Thr599_Val600insLys,T66,BRAF,inframe_insertion,0.212
p.Leu649Phe,T9,BRAF,missense_variant,0.05
p.Gly392Glu,T15,BRAF,missense_variant,0.0504
p.Ala404Thr,T118,BRAF,missense_variant,0.0513
p.Asp380Asn,T132,BRAF,missense_variant,0.0533
p.Asp391Asn,T5,BRAF,missense_variant,0.0541
p.Glu24Ala,T84,BRAF,missense_variant,0.0543
p.Asp677Tyr,T123,BRAF,missense_variant,0.0556
p.Leu553Phe,T151,BRAF,missense_variant,0.0588
p.Leu649Phe,T118,BRAF,missense_variant,0.0635
p.Ala400Thr,T29,BRAF,missense_variant,0.0656
p.Asp677Tyr,T93,BRAF,missense_variant,0.0769
p.Asp677Tyr,T118,BRAF,missense_variant,0.0816
p.Asp677Tyr,T122,BRAF,missense_variant,0.0926
p.Leu649Phe,T121,BRAF,missense_variant,0.1032
p.His269Gln,T35,BRAF,missense_variant,0.1042
p.Asp677Tyr,T29,BRAF,missense_variant,0.1098
p.Ala35Val,T118,BRAF,missense_variant,0.1212
p.Gly32Arg,T100,BRAF,missense_variant,0.125
p.Gly563Cys,T132,BRAF,missense_variant,0.1333
p.Gly32Arg,T87,BRAF,missense_variant,0.137
p.Gly30Arg,T17,BRAF,missense_variant,0.1458
p.Ala557Val,T5,BRAF,missense_variant,0.15
p.Ser428Leu,T147,BRAF,missense_variant,0.1538
p.Val600Glu,T138,BRAF,missense_variant,0.1555
p.Asp677Tyr,T147,BRAF,missense_variant,0.1563
p.Asp677Tyr,T121,BRAF,missense_variant,0.1667
p.Gly30Arg,T39,BRAF,missense_variant,0.1714
p.Gly30Arg,T108,BRAF,missense_variant,0.2083
p.Val600Glu,T135,BRAF,missense_variant,0.2103
p.Thr599Lys,T66,BRAF,missense_variant,0.2306
p.Val600Glu,T32,BRAF,missense_variant,0.2402
p.Glu24Ala,T104,BRAF,missense_variant,0.2414
p.Asp594Gly,T46,BRAF,missense_variant,0.244
p.Leu485Phe,T122,BRAF,missense_variant,0.2514
p.Val600Glu,T77,BRAF,missense_variant,0.2618
p.Gly30Arg,T56,BRAF,missense_variant,0.2692
p.Val600Glu,T142,BRAF,missense_variant,0.2716
p.Gly466Glu,T102,BRAF,missense_variant,0.2743
p.Val600Glu,T11,BRAF,missense_variant,0.2789
p.Val600Glu,T15,BRAF,missense_variant,0.3713
p.Val600Glu,T19,BRAF,missense_variant,0.4678
-,T58,BRAF,splice_acceptor_variant,0.1129
p.Glu351delinsValGlnTer,T6,BRAF,stop_gained,0.3771
p.Glu351delinsValGlnTer,T38,BRAF,stop_gained,0.4603
p.Glu351delinsValGlnTer,T45,BRAF,stop_gained,0.5264
p.Phe253SerfsTer18,T55,CTNNB1,frameshift_variant,0.0536
p.Ser37CysfsTer13,T102,CTNNB1,frameshift_variant,0.401
p.Pro238GlnfsTer11,T6,CTNNB1,frameshift_variant,0.4411
p.Pro238GlnfsTer11,T38,CTNNB1,frameshift_variant,0.4926
p.Gly616dup,T96,CTNNB1,inframe_insertion,0.2679
p.Pro606Ser,T151,CTNNB1,missense_variant,0.0506
p.Arg673Trp,T151,CTNNB1,missense_variant,0.0517
p.Pro500Ser,T22,CTNNB1,missense_variant,0.0522
p.Val406Ile,T121,CTNNB1,missense_variant,0.0526
p.Ser425Phe,T29,CTNNB1,missense_variant,0.055
p.Ser45Phe,T118,CTNNB1,missense_variant,0.0556
p.Val511Ile,T151,CTNNB1,missense_variant,0.0577
p.Glu9Lys,T114,CTNNB1,missense_variant,0.0635
p.Gly403Glu,T132,CTNNB1,missense_variant,0.0656
p.Asp32Asn,T13,CTNNB1,missense_variant,0.0678
p.Asp249Asn,T121,CTNNB1,missense_variant,0.0698
p.Glu649Lys,T151,CTNNB1,missense_variant,0.0702
p.Leu644Ile,T121,CTNNB1,missense_variant,0.0721
p.Arg486His,T151,CTNNB1,missense_variant,0.0732
p.Gly84Arg,T151,CTNNB1,missense_variant,0.1053
p.Ala149Pro,T92,CTNNB1,missense_variant,0.2177
p.Gly650Arg,T67,CTNNB1,missense_variant,0.2269
p.Ser45Phe,T114,CTNNB1,missense_variant,0.2397
p.Lys354Thr,T23,CTNNB1,missense_variant,0.3101
p.Ser37Cys,T102,CTNNB1,missense_variant,0.3258
p.Ser37_Gly38delinsCysCys,T102,CTNNB1,missense_variant,0.3275
p.Gly38Cys,T102,CTNNB1,missense_variant,0.3506
p.Ser45Phe,T104,CTNNB1,missense_variant,0.4473
p.Ser45Phe,T44,CTNNB1,missense_variant,0.4954
p.Gln773Ter,T79,CTNNB1,stop_gained,0.1319
p.Asp460Asn,T116,EGFR,missense_variant,0.0532
p.Pro265Ser,T100,EGFR,missense_variant,0.0549
p.Thr43Ile,T5,EGFR,missense_variant,0.055
p.Thr273Pro,T104,EGFR,missense_variant,0.0571
p.Pro877Ser,T29,EGFR,missense_variant,0.0606
p.Ser442Asn,T8,EGFR,missense_variant,0.0625
p.Asp1008Asn,T121,EGFR,missense_variant,0.0641
p.Glu27Lys,T5,EGFR,missense_variant,0.0645
p.Asp761Asn,T121,EGFR,missense_variant,0.069
p.Gly201Asp,T35,EGFR,missense_variant,0.0714
p.Ala439Val,T29,EGFR,missense_variant,0.0741
p.Pro691Leu,T5,EGFR,missense_variant,0.093
p.Glu114Lys,T23,EGFR,missense_variant,0.1827
p.Pro990Arg,T146,EGFR,missense_variant,0.2569
p.Arg681Met,T122,EGFR,missense_variant,0.2941
p.Trp200Ter,T132,EGFR,stop_gained,0.0909
p.Gly1168AlafsTer38,T38,ERBB3,frameshift_variant,0.3523
p.His614LysfsTer7,T38,ERBB3,frameshift_variant,0.4139
p.Glu685GlnfsTer10,T38,ERBB3,frameshift_variant,0.4853
p.Val473GlnfsTer15,T6,ERBB3,frameshift_variant,0.554
p.Val473GlnfsTer15,T45,ERBB3,frameshift_variant,0.6731
p.Ser182_Cys183insLysThrGlnTyr,T6,ERBB3,inframe_insertion,0.4868
p.Ser182_Cys183insLysThrGlnTyr,T45,ERBB3,inframe_insertion,0.5048
p.Gly1175Asp,T151,ERBB3,missense_variant,0.0508
p.Pro1211Ser,T151,ERBB3,missense_variant,0.051
p.His641Tyr,T5,ERBB3,missense_variant,0.0513
p.Arg970Gln,T151,ERBB3,missense_variant,0.0519
p.Ser401Phe,T121,ERBB3,missense_variant,0.0556
p.Cys493Tyr,T22,ERBB3,missense_variant,0.0606
p.Gly631Glu,T5,ERBB3,missense_variant,0.0734
p.Pro1209Leu,T147,ERBB3,missense_variant,0.0814
p.Leu1000Pro,T122,ERBB3,missense_variant,0.0856
p.Val494Met,T151,ERBB3,missense_variant,0.1176
p.Asp297Tyr,T88,ERBB3,missense_variant,0.1533
p.Ser869Gly,T93,ERBB3,missense_variant,0.1818
p.Gly325Arg,T41,ERBB3,missense_variant,0.1922
p.Thr84Lys,T25,ERBB3,missense_variant,0.3477
p.Asp297Tyr,T17,ERBB3,missense_variant,0.3922
p.Asp297Tyr,T37,ERBB3,missense_variant,0.4
-,T118,ERBB3,splice_acceptor_variant,0.0522
-,T138,ERBB3,splice_acceptor_variant,0.1849
p.Trp895Ter,T121,ERBB3,stop_gained,0.0519
p.Glu1154Ter,T35,ERBB3,stop_gained,0.0571
p.Leu1316delinsTer,T6,ERBB3,stop_gained,0.3737
p.Leu1316delinsTer,T38,ERBB3,stop_gained,0.375
p.Leu1316delinsTer,T45,ERBB3,stop_gained,0.4922
p.Arg210SerfsTer5,T45,ERBB4,frameshift_variant,0.0682
p.Ser997IlefsTer20,T121,ERBB4,frameshift_variant,0.0882
p.Pro1195IlefsTer8,T38,ERBB4,frameshift_variant,0.3909
p.Asn999CysfsTer25,T38,ERBB4,frameshift_variant,0.3911
p.Gly1194ValfsTer9,T38,ERBB4,frameshift_variant,0.4102
p.Asn999CysfsTer25,T6,ERBB4,frameshift_variant,0.4223
p.Pro1195IlefsTer8,T6,ERBB4,frameshift_variant,0.4359
p.Gly1194ValfsTer9,T6,ERBB4,frameshift_variant,0.4439
p.Gly1194ValfsTer9,T45,ERBB4,frameshift_variant,0.5101
p.Pro1195IlefsTer8,T45,ERBB4,frameshift_variant,0.5102
p.Thr703MetfsTer22,T6,ERBB4,frameshift_variant,0.5222
p.Arg210CysfsTer43,T38,ERBB4,frameshift_variant,0.5799
p.Arg210SerfsTer5,T38,ERBB4,frameshift_variant,0.6042
p.Arg210CysfsTer43,T6,ERBB4,frameshift_variant,0.6052
p.Arg210SerfsTer5,T6,ERBB4,frameshift_variant,0.6221
p.Leu834SerfsTer17,T6,ERBB4,frameshift_variant,0.7076
p.Leu834ArgfsTer16,T6,ERBB4,frameshift_variant,0.7086
p.Leu834SerfsTer17,T38,ERBB4,frameshift_variant,0.7619
p.Leu834ArgfsTer16,T38,ERBB4,frameshift_variant,0.7654
p.Leu834SerfsTer17,T45,ERBB4,frameshift_variant,0.7965
p.Leu834ArgfsTer16,T45,ERBB4,frameshift_variant,0.7991
p.Gly923_Ile924insGlnTyrCysValLeuTrp,T6,ERBB4,inframe_insertion,0.4207
p.Pro1170Ser,T118,ERBB4,missense_variant,0.0508
p.Leu1145Val,T76,ERBB4,missense_variant,0.0516
p.Glu1220Lys,T151,ERBB4,missense_variant,0.0533
p.Pro1054Ser,T35,ERBB4,missense_variant,0.0548
p.Cys621Tyr,T114,ERBB4,missense_variant,0.0556
p.Ser1129Asn,T151,ERBB4,missense_variant,0.0571
p.Pro325His,T93,ERBB4,missense_variant,0.0579
p.Ala1116Val,T35,ERBB4,missense_variant,0.0598
p.Pro325His,T19,ERBB4,missense_variant,0.06
p.Pro739Leu,T22,ERBB4,missense_variant,0.0602
p.Cys569Tyr,T22,ERBB4,missense_variant,0.063
p.Pro1158Ser,T151,ERBB4,missense_variant,0.0656
p.Ala655Val,T151,ERBB4,missense_variant,0.069
p.Glu1121Lys,T121,ERBB4,missense_variant,0.0727
p.Pro325His,T22,ERBB4,missense_variant,0.0752
p.Ala498Val,T121,ERBB4,missense_variant,0.0769
p.Met831Ile,T2,ERBB4,missense_variant,0.0776
p.Ala1039Thr,T22,ERBB4,missense_variant,0.0822
p.Gly185Glu,T151,ERBB4,missense_variant,0.086
p.Pro409Ser,T151,ERBB4,missense_variant,0.087
p.Pro325His,T118,ERBB4,missense_variant,0.0874
p.Met831Ile,T133,ERBB4,missense_variant,0.088
p.Pro1248Ser,T147,ERBB4,missense_variant,0.0899
p.Asp1015Asn,T151,ERBB4,missense_variant,0.092
p.Met831Ile,T101,ERBB4,missense_variant,0.0926
p.Leu1145Val,T22,ERBB4,missense_variant,0.093
p.Met831Ile,T39,ERBB4,missense_variant,0.101
p.Thr371Ser,T113,ERBB4,missense_variant,0.1065
p.Ala654Val,T114,ERBB4,missense_variant,0.1165
p.Thr909Ile,T132,ERBB4,missense_variant,0.1176
p.Arg484Ile,T23,ERBB4,missense_variant,0.1215
p.Met831Ile,T15,ERBB4,missense_variant,0.1406
p.Val744Leu,T20,ERBB4,missense_variant,0.1579
p.Lys682Asn,T23,ERBB4,missense_variant,0.16
p.Cys262Trp,T27,ERBB4,missense_variant,0.1632
p.Met831Ile,T22,ERBB4,missense_variant,0.1915
p.Val840Ile,T74,ERBB4,missense_variant,0.1974
p.Arg1112His,T120,ERBB4,missense_variant,0.1996
p.Lys1113Asn,T151,ERBB4,missense_variant,0.2366
p.His809Asn,T66,ERBB4,missense_variant,0.2711
-,T139,ERBB4,splice_acceptor_variant,0.1077
-,T29,ERBB4,splice_acceptor_variant,0.1094
p.Trp163Ter,T132,ERBB4,stop_gained,0.1261
p.Glu1037LysfsTer18,T132,FAT4,frameshift_variant,0.058
p.Phe2777LeufsTer11,T24,FAT4,frameshift_variant,0.0883
p.Phe4002AsnfsTer35,T123,FAT4,frameshift_variant,0.1027
p.Tyr4196ThrfsTer16,T151,FAT4,frameshift_variant,0.1154
p.Phe2536GlyfsTer9,T29,FAT4,frameshift_variant,0.1364
p.Glu3467AspfsTer2,T9,FAT4,frameshift_variant,0.1531
p.Phe4002IlefsTer5,T52,FAT4,frameshift_variant,0.1649
p.Phe4002IlefsTer5,T144,FAT4,frameshift_variant,0.1655
p.Phe4002IlefsTer5,T110,FAT4,frameshift_variant,0.1752
p.Phe4002IlefsTer5,T12,FAT4,frameshift_variant,0.2335
p.Thr1962MetfsTer11,T38,FAT4,frameshift_variant,0.239
p.Val4505IlefsTer21,T6,FAT4,frameshift_variant,0.2396
p.Asp1625LysfsTer7,T38,FAT4,frameshift_variant,0.3193
p.Asp1625GlufsTer15,T45,FAT4,frameshift_variant,0.3198
p.Pro4563LysfsTer11,T45,FAT4,frameshift_variant,0.3251
p.Asp1556AlafsTer12,T45,FAT4,frameshift_variant,0.3482
p.Phe1363LysfsTer8,T45,FAT4,frameshift_variant,0.3538
p.Asp1556LysfsTer3,T6,FAT4,frameshift_variant,0.3571
p.Lys2512AsnfsTer9,T6,FAT4,frameshift_variant,0.3737
p.Pro4589GlnfsTer11,T45,FAT4,frameshift_variant,0.3852
p.Asp1556AlafsTer12,T6,FAT4,frameshift_variant,0.389
p.Asn3190LysfsTer4,T38,FAT4,frameshift_variant,0.3909
p.Thr4864IlefsTer12,T45,FAT4,frameshift_variant,0.3963
p.Asn3190LysfsTer4,T6,FAT4,frameshift_variant,0.3991
p.Phe1426LysfsTer12,T38,FAT4,frameshift_variant,0.4027
p.Asn683GlnfsTer2,T38,FAT4,frameshift_variant,0.4029
p.Asn683LysfsTer7,T38,FAT4,frameshift_variant,0.406
p.Asn3190LysfsTer4,T45,FAT4,frameshift_variant,0.408
p.Asp3397LysfsTer7,T38,FAT4,frameshift_variant,0.4083
p.Tyr2431ThrfsTer5,T45,FAT4,frameshift_variant,0.4094
p.Thr3652LeufsTer17,T45,FAT4,frameshift_variant,0.41
p.Pro448LysfsTer24,T38,FAT4,frameshift_variant,0.4104
p.Ile682LysfsTer7,T6,FAT4,frameshift_variant,0.4118
p.Asp3397LysfsTer7,T6,FAT4,frameshift_variant,0.4135
p.Ile682LysfsTer7,T45,FAT4,frameshift_variant,0.4189
p.Phe1426GlnfsTer12,T45,FAT4,frameshift_variant,0.4238
p.Arg4799LysfsTer9,T38,FAT4,frameshift_variant,0.4278
p.Phe1426LysfsTer12,T6,FAT4,frameshift_variant,0.4286
p.Asp1145LysfsTer8,T38,FAT4,frameshift_variant,0.4318
p.Pro4563LysfsTer11,T38,FAT4,frameshift_variant,0.4335
p.Pro4563LysfsTer11,T6,FAT4,frameshift_variant,0.4343
p.Asn3399IlefsTer11,T45,FAT4,frameshift_variant,0.4491
p.Leu3651ProfsTer20,T38,FAT4,frameshift_variant,0.4551
p.Asp3724ArgfsTer35,T45,FAT4,frameshift_variant,0.4657
p.Asp2800AlafsTer13,T45,FAT4,frameshift_variant,0.4684
p.Ser1659AsnfsTer35,T6,FAT4,frameshift_variant,0.4801
p.Asp1145LysfsTer4,T6,FAT4,frameshift_variant,0.4813
p.Asp1145AlafsTer27,T6,FAT4,frameshift_variant,0.482
p.Ser591GlnfsTer10,T38,FAT4,frameshift_variant,0.5024
p.Ala1694LysfsTer43,T6,FAT4,frameshift_variant,0.509
p.Asp1145LysfsTer8,T45,FAT4,frameshift_variant,0.5091
p.Thr3533MetfsTer18,T6,FAT4,frameshift_variant,0.5126
p.Val110AlafsTer27,T45,FAT4,frameshift_variant,0.5131
p.Pro4589GlnfsTer11,T6,FAT4,frameshift_variant,0.5247
p.Thr3652LeufsTer17,T38,FAT4,frameshift_variant,0.5261
p.Asp3724AlafsTer33,T38,FAT4,frameshift_variant,0.5407
p.Ser1659AsnfsTer35,T38,FAT4,frameshift_variant,0.5432
p.Ser2876GlnfsTer12,T45,FAT4,frameshift_variant,0.5519
p.Ser2876GlnfsTer12,T6,FAT4,frameshift_variant,0.5582
p.Thr3533MetfsTer22,T45,FAT4,frameshift_variant,0.5758
p.Ser2876GlnfsTer12,T38,FAT4,frameshift_variant,0.5837
p.Phe3761GlnfsTer17,T45,FAT4,frameshift_variant,0.6863
p.Leu4144LysfsTer24,T45,FAT4,frameshift_variant,0.6974
p.Trp4503_Ala4504insGlnAsn,T6,FAT4,inframe_insertion,0.2393
p.Ala4504_Val4505insLysArgAsnThr,T38,FAT4,inframe_insertion,0.2705
p.Thr1362_Phe1363insLysArgAsnThrValHis,T6,FAT4,inframe_insertion,0.2984
p.Ser4319_Val4320insLysArgAsnThrValHis,T6,FAT4,inframe_insertion,0.3264
p.Pro1555_Asp1556insGlnAsn,T45,FAT4,inframe_insertion,0.3272
p.Ser4319_Val4320insLysArgAsnThrValHis,T38,FAT4,inframe_insertion,0.3315
p.Tyr357_Phe358insLysThrGlnTyrCysThr,T38,FAT4,inframe_insertion,0.3538
p.Tyr357_Phe358insLysThrGlnTyrCysThr,T6,FAT4,inframe_insertion,0.3596
p.Thr1362_Phe1363insLysArgAsnThrValHis,T38,FAT4,inframe_insertion,0.3695
p.Thr2379_Gly2380insLysArgAsnThrValHis,T38,FAT4,inframe_insertion,0.3734
p.Glu2799_Asp2800insGlnAsn,T6,FAT4,inframe_insertion,0.3958
p.Thr4864_Ser4865insLysArgAsnThrValHis,T45,FAT4,inframe_insertion,0.3998
p.Asp3324_Arg3325insThrLys,T6,FAT4,inframe_insertion,0.4
p.Thr2379_Gly2380insLysArgAsnThrValHis,T6,FAT4,inframe_insertion,0.4108
p.Arg3325_Asp3326insAsnThrValHis,T6,FAT4,inframe_insertion,0.4137
p.Ala1587_Ser1588insLysArgAsnThrValHis,T6,FAT4,inframe_insertion,0.4173
p.Leu3396_Asp3397insGln,T45,FAT4,inframe_insertion,0.4363
p.Pro4143_Leu4144insLysArgAsnThrValHis,T38,FAT4,inframe_insertion,0.4721
p.Thr2379_Gly2380insLysArgAsnThrValHis,T45,FAT4,inframe_insertion,0.493
p.Pro4143_Leu4144insLysArgAsnThrValHis,T6,FAT4,inframe_insertion,0.5019
p.Thr3533_Asp3534insLysArgAsnThrValHis,T6,FAT4,inframe_insertion,0.5159
p.Leu1696_Asp1697insTyrIleLeu,T6,FAT4,inframe_insertion,0.517
p.Thr3760_Phe3761insGlnTyrCysThr,T6,FAT4,inframe_insertion,0.7374
p.Arg3759_Thr3760insArgLys,T6,FAT4,inframe_insertion,0.7686
p.Asp3804Asn,T121,FAT4,missense_variant,0.05
p.Thr1926Asn,T106,FAT4,missense_variant,0.0503
p.Ser1659Phe,T121,FAT4,missense_variant,0.0506
p.Thr1630Ile,T121,FAT4,missense_variant,0.0513
p.Thr782Ile,T151,FAT4,missense_variant,0.0519
p.Val618Met,T151,FAT4,missense_variant,0.0522
p.Gly1896Glu,T114,FAT4,missense_variant,0.0523
p.Asp3484Tyr,T29,FAT4,missense_variant,0.0524
p.Pro936Ser,T121,FAT4,missense_variant,0.0526
p.Ser2313Asn,T121,FAT4,missense_variant,0.0531
p.Arg3116Lys,T5,FAT4,missense_variant,0.0535
p.Glu626Lys,T18,FAT4,missense_variant,0.0541
p.Gly4110Arg,T35,FAT4,missense_variant,0.0545
p.Arg1256Lys,T121,FAT4,missense_variant,0.0548
p.Thr1926Asn,T91,FAT4,missense_variant,0.0552
p.Thr1926Asn,T56,FAT4,missense_variant,0.0559
p.Glu2009Lys,T121,FAT4,missense_variant,0.0561
p.Ala2126Val,T146,FAT4,missense_variant,0.0563
p.Gly3598Arg,T5,FAT4,missense_variant,0.0567
p.Asp2180Asn,T151,FAT4,missense_variant,0.0571
p.Thr1926Asn,T87,FAT4,missense_variant,0.0572
p.Ser4282Phe,T116,FAT4,missense_variant,0.0574
p.Thr1926Asn,T100,FAT4,missense_variant,0.0575
p.Ala4629Thr,T62,FAT4,missense_variant,0.0579
p.Gly4763Ser,T18,FAT4,missense_variant,0.058
p.Asp2241Asn,T5,FAT4,missense_variant,0.0584
p.Asp1274Glu,T39,FAT4,missense_variant,0.0585
p.Ser2038Phe,T18,FAT4,missense_variant,0.0588
p.Asp2233Asn,T147,FAT4,missense_variant,0.0597
p.Ala545Thr,T18,FAT4,missense_variant,0.0606
p.Asn1101Lys,T147,FAT4,missense_variant,0.0611
p.Thr1927Ile,T129,FAT4,missense_variant,0.0612
p.Ala3207Val,T13,FAT4,missense_variant,0.0619
p.Ser2133Phe,T122,FAT4,missense_variant,0.062
p.Val3591Ile,T151,FAT4,missense_variant,0.0625
p.Val3796Ile,T121,FAT4,missense_variant,0.0632
p.Ser3938Leu,T121,FAT4,missense_variant,0.0635
p.Asp1274Glu,T5,FAT4,missense_variant,0.0636
p.Thr2138Ile,T51,FAT4,missense_variant,0.0638
p.Glu1255Lys,T151,FAT4,missense_variant,0.0645
p.Tyr3126His,T135,FAT4,missense_variant,0.0647
p.Glu120Lys,T55,FAT4,missense_variant,0.0648
p.Ser645Phe,T121,FAT4,missense_variant,0.0652
p.Ile1683Asn,T46,FAT4,missense_variant,0.0653
p.Asp276Ala,T93,FAT4,missense_variant,0.0654
p.Arg2842Lys,T151,FAT4,missense_variant,0.0656
p.Ser1456Phe,T51,FAT4,missense_variant,0.0659
p.Thr1926Asn,T76,FAT4,missense_variant,0.0661
p.Glu1009Lys,T151,FAT4,missense_variant,0.0674
p.Thr1926Asn,T15,FAT4,missense_variant,0.0679
p.Gly502Asp,T22,FAT4,missense_variant,0.0682
p.Ser2137Phe,T118,FAT4,missense_variant,0.069
p.Gly3131Arg,T121,FAT4,missense_variant,0.0698
p.Asp3484Tyr,T51,FAT4,missense_variant,0.0703
p.Asp1274Glu,T93,FAT4,missense_variant,0.0704
p.Leu3684Phe,T18,FAT4,missense_variant,0.0706
p.Asp1274Glu,T129,FAT4,missense_variant,0.0714
p.Thr1926Asn,T101,FAT4,missense_variant,0.0719
p.Pro432Ser,T121,FAT4,missense_variant,0.0723
p.Asp1274Glu,T51,FAT4,missense_variant,0.0728
p.Ala2524Thr,T29,FAT4,missense_variant,0.0732
p.Arg336His,T137,FAT4,missense_variant,0.0756
p.Asp1379Asn,T151,FAT4,missense_variant,0.0769
p.Asp2694Glu,T22,FAT4,missense_variant,0.0779
p.Gly3598Glu,T147,FAT4,missense_variant,0.0784
p.Asp1261Asn,T151,FAT4,missense_variant,0.08
p.Asp1064Glu,T93,FAT4,missense_variant,0.082
p.Gly505Asp,T22,FAT4,missense_variant,0.0822
p.Thr1507Ile,T151,FAT4,missense_variant,0.0833
p.Pro2342Ser,T151,FAT4,missense_variant,0.087
p.Asp1064Asn,T132,FAT4,missense_variant,0.0896
p.Ala4959Ser,T121,FAT4,missense_variant,0.0909
p.Pro4575Leu,T121,FAT4,missense_variant,0.093
p.Leu2884Arg,T87,FAT4,missense_variant,0.0942
p.Gly1243Glu,T151,FAT4,missense_variant,0.0952
p.Asp1064Glu,T121,FAT4,missense_variant,0.0965
p.Val1070Ile,T151,FAT4,missense_variant,0.0976
p.Asp1064Asn,T151,FAT4,missense_variant,0.098
p.Asp988Asn,T151,FAT4,missense_variant,0.1026
p.Thr119Ala,T132,FAT4,missense_variant,0.1032
p.Gly972Ser,T151,FAT4,missense_variant,0.1053
p.Ala2028Val,T121,FAT4,missense_variant,0.1071
p.Thr2138Ile,T18,FAT4,missense_variant,0.1091
p.Arg1698Trp,T22,FAT4,missense_variant,0.1102
p.Arg363Cys,T79,FAT4,missense_variant,0.1214
p.Asp276Ala,T121,FAT4,missense_variant,0.125
p.Ala1534Thr,T62,FAT4,missense_variant,0.1265
p.Asp3484Tyr,T118,FAT4,missense_variant,0.1471
p.Trp2638Arg,T29,FAT4,missense_variant,0.156
p.Glu486Lys,T53,FAT4,missense_variant,0.161
p.Gly4531Glu,T42,FAT4,missense_variant,0.165
p.Ala1654Pro,T29,FAT4,missense_variant,0.2
p.Arg3615Gln,T122,FAT4,missense_variant,0.203
p.Asp2694Glu,T93,FAT4,missense_variant,0.2105
p.Thr3247Lys,T104,FAT4,missense_variant,0.2124
p.Ala1693Thr,T81,FAT4,missense_variant,0.2161
p.Ala1724Thr,T23,FAT4,missense_variant,0.2369
p.Thr832Ser,T19,FAT4,missense_variant,0.2404
p.Met1744Thr,T142,FAT4,missense_variant,0.2457
p.Arg175His,T21,FAT4,missense_variant,0.2458
p.Thr2863Ala,T142,FAT4,missense_variant,0.2483
p.Glu3784Ala,T65,FAT4,missense_variant,0.2487
p.Arg67His,T142,FAT4,missense_variant,0.2494
p.Asn4929Lys,T129,FAT4,missense_variant,0.2511
p.Gly1794Arg,T71,FAT4,missense_variant,0.2519
p.Gln1761His,T142,FAT4,missense_variant,0.2536
p.Ala2487Val,T142,FAT4,missense_variant,0.2542
p.Arg405His,T62,FAT4,missense_variant,0.2582
p.Leu4591Ile,T136,FAT4,missense_variant,0.2782
p.Asn3292Lys,T32,FAT4,missense_variant,0.2809
p.Lys205Glu,T142,FAT4,missense_variant,0.2855
p.Pro3296Ser,T32,FAT4,missense_variant,0.2882
p.Pro691Leu,T121,FAT4,missense_variant,0.3519
p.Glu3082Gln,T38,FAT4,missense_variant,0.4035
p.Lys3828Glu,T105,FAT4,missense_variant,0.4521
p.Glu4576Ter,T146,FAT4,stop_gained,0.0556
p.Gln907Ter,T129,FAT4,stop_gained,0.0566
p.Gln547Ter,T151,FAT4,stop_gained,0.0615
p.Gln1063Ter,T93,FAT4,stop_gained,0.0625
p.Glu4576Ter,T147,FAT4,stop_gained,0.0694
p.Glu4576Ter,T132,FAT4,stop_gained,0.0769
p.Gln2702Ter,T118,FAT4,stop_gained,0.0779
p.Glu1007Ter,T4,FAT4,stop_gained,0.0823
p.Glu1007Ter,T146,FAT4,stop_gained,0.0833
p.Glu1007Ter,T132,FAT4,stop_gained,0.0901
p.Glu1007Ter,T22,FAT4,stop_gained,0.0915
p.Glu1007Ter,T147,FAT4,stop_gained,0.0935
p.Glu1007Ter,T118,FAT4,stop_gained,0.1022
p.Glu4576Ter,T118,FAT4,stop_gained,0.1042
p.Gln1501Ter,T151,FAT4,stop_gained,0.1053
p.Glu1007Ter,T121,FAT4,stop_gained,0.1081
p.Glu1007Ter,T93,FAT4,stop_gained,0.1149
p.Cys4197Ter,T151,FAT4,stop_gained,0.1154
p.Arg1685Ter,T126,FAT4,stop_gained,0.1787
p.Arg1685Ter,T109,FAT4,stop_gained,0.2388
p.Glu3293Ter,T43,FAT4,stop_gained,0.2566
p.Val200TyrfsTer39,T121,FBXW7,frameshift_variant,0.0882
p.Ala677GlufsTer18,T95,FBXW7,frameshift_variant,0.0931
p.Glu328GlyfsTer4,T120,FBXW7,frameshift_variant,0.2517
p.Ala304Val,T151,FBXW7,missense_variant,0.0531
p.Leu45His,T35,FBXW7,missense_variant,0.0532
p.Thr416Ile,T114,FBXW7,missense_variant,0.0533
p.Arg357Lys,T151,FBXW7,missense_variant,0.0556
p.Met587Lys,T20,FBXW7,missense_variant,0.058
p.Val265Ile,T129,FBXW7,missense_variant,0.0625
p.Gly517Glu,T29,FBXW7,missense_variant,0.0634
p.Met33Ile,T151,FBXW7,missense_variant,0.0635
p.Gly619Ser,T13,FBXW7,missense_variant,0.067
p.Pro285Leu,T121,FBXW7,missense_variant,0.0678
p.Val672Met,T29,FBXW7,missense_variant,0.069
p.Pro528Ser,T147,FBXW7,missense_variant,0.0702
p.Ser546Leu,T18,FBXW7,missense_variant,0.0714
p.Gly57Asp,T29,FBXW7,missense_variant,0.0721
p.His137Pro,T132,FBXW7,missense_variant,0.0759
p.Pro373Leu,T151,FBXW7,missense_variant,0.08
p.Cys325Tyr,T13,FBXW7,missense_variant,0.087
p.Thr421Ile,T121,FBXW7,missense_variant,0.0889
p.Val37Ile,T151,FBXW7,missense_variant,0.1026
p.Ser582Leu,T132,FBXW7,missense_variant,0.1161
p.Leu45His,T118,FBXW7,missense_variant,0.1212
p.Asp520Tyr,T147,FBXW7,missense_variant,0.1463
p.Asn542Thr,T34,FBXW7,missense_variant,0.1494
p.Asp600Asn,T64,FBXW7,missense_variant,0.1732
p.Leu45His,T147,FBXW7,missense_variant,0.1765
p.Arg465His,T99,FBXW7,missense_variant,0.2065
p.Gly597Val,T135,FBXW7,missense_variant,0.2073
p.Asp520Tyr,T93,FBXW7,missense_variant,0.2105
p.Arg479Gln,T63,FBXW7,missense_variant,0.214
p.Arg505His,T118,FBXW7,missense_variant,0.2202
p.Ser582Leu,T95,FBXW7,missense_variant,0.2236
p.Asp560Asn,T55,FBXW7,missense_variant,0.2281
p.Arg479Gln,T66,FBXW7,missense_variant,0.2572
p.Arg505Cys,T94,FBXW7,missense_variant,0.2683
p.Arg465Cys,T26,FBXW7,missense_variant,0.2868
p.Thr439Ala,T81,FBXW7,missense_variant,0.3016
p.Arg465His,T118,FBXW7,missense_variant,0.3148
p.Arg505Cys,T6,FBXW7,missense_variant,0.3186
p.Arg465Cys,T55,FBXW7,missense_variant,0.4048
-,T139,FBXW7,splice_acceptor_variant,0.0814
-,T39,FBXW7,splice_acceptor_variant,0.1343
p.Tyr2198ThrfsTer19,T29,FLNA,frameshift_variant,0.0533
p.Thr1585SerfsTer29,T93,FLNA,frameshift_variant,0.0588
p.Ser2339ArgfsTer46,T5,FLNA,frameshift_variant,0.069
p.Gln668ProfsTer48,T22,FLNA,frameshift_variant,0.0893
p.Ser1787MetfsTer12,T6,FLNA,frameshift_variant,0.129
p.Gly629ValfsTer10,T38,FLNA,frameshift_variant,0.1931
p.Ala843LeufsTer33,T142,FLNA,frameshift_variant,0.2272
p.Leu889ArgfsTer10,T45,FLNA,frameshift_variant,0.3114
p.Ser2213LeufsTer6,T38,FLNA,frameshift_variant,0.3127
p.Glu888AspfsTer14,T45,FLNA,frameshift_variant,0.334
p.Gly2398ValfsTer11,T45,FLNA,frameshift_variant,0.3382
p.Ser2213LeufsTer6,T45,FLNA,frameshift_variant,0.3519
p.Pro1040ThrfsTer8,T6,FLNA,frameshift_variant,0.3652
p.Val1445CysfsTer4,T45,FLNA,frameshift_variant,0.3787
p.Lys2089MetfsTer51,T45,FLNA,frameshift_variant,0.3947
p.Asn1703MetfsTer36,T45,FLNA,frameshift_variant,0.4172
p.Val1701ArgfsTer4,T45,FLNA,frameshift_variant,0.4217
p.Glu1702LeufsTer4,T45,FLNA,frameshift_variant,0.4218
p.Val1700SerfsTer5,T45,FLNA,frameshift_variant,0.4321
p.Asp1699ArgfsTer5,T45,FLNA,frameshift_variant,0.4326
p.Pro616ThrfsTer10,T6,FLNA,frameshift_variant,0.4583
p.Pro616ThrfsTer10,T38,FLNA,frameshift_variant,0.4641
p.Lys220AsnfsTer21,T6,FLNA,frameshift_variant,0.4719
p.Val1445CysfsTer4,T6,FLNA,frameshift_variant,0.475
p.Gly1589ValfsTer28,T45,FLNA,frameshift_variant,0.5014
p.Glu1588AspfsTer27,T45,FLNA,frameshift_variant,0.5025
p.Ser1409MetfsTer41,T45,FLNA,frameshift_variant,0.5053
p.Cys1410ValfsTer11,T45,FLNA,frameshift_variant,0.5064
p.Glu292AspfsTer11,T38,FLNA,frameshift_variant,0.5167
p.Lys498AsnfsTer11,T6,FLNA,frameshift_variant,0.5175
p.Gly943ValfsTer21,T38,FLNA,frameshift_variant,0.5641
p.Gly943ValfsTer21,T6,FLNA,frameshift_variant,0.5689
p.Val866_Glu867insGlnTyrCysValLeu,T45,FLNA,inframe_insertion,0.3517
p.Gln1001_Gly1002insCysThrValLeuArgPhe,T6,FLNA,inframe_insertion,0.3699
p.Val866_Glu867insGlnTyrCysValLeu,T38,FLNA,inframe_insertion,0.3951
p.Val866_Glu867insGlnTyrCysValLeu,T6,FLNA,inframe_insertion,0.4307
p.Val1700_Val1701insLeu,T45,FLNA,inframe_insertion,0.437
p.Asp1699_Val1700insCys,T6,FLNA,inframe_insertion,0.449
p.Gln1001_Gly1002insCysThrValLeuArgPhe,T38,FLNA,inframe_insertion,0.4636
p.Val1698_Asp1699insGln,T38,FLNA,inframe_insertion,0.4737
p.Glu1588_Gly1589insCysThrValLeuArgPhe,T38,FLNA,inframe_insertion,0.475
p.Asp1699_Val1700insCys,T38,FLNA,inframe_insertion,0.4781
p.Tyr2198_Cys2199insSerIleAlaPhe,T6,FLNA,inframe_insertion,0.4872
p.Gln1001_Gly1002insCysThrValLeuArgPhe,T45,FLNA,inframe_insertion,0.5298
p.Tyr2198_Cys2199insSerIleAlaPhe,T38,FLNA,inframe_insertion,0.5496
p.Pro1441Ser,T114,FLNA,missense_variant,0.0504
p.Asp2556Ala,T58,FLNA,missense_variant,0.0506
p.Ser1125Phe,T133,FLNA,missense_variant,0.0508
p.Gln1749His,T111,FLNA,missense_variant,0.0513
p.Val940Gly,T51,FLNA,missense_variant,0.0518
p.Gly2291Ser,T5,FLNA,missense_variant,0.0519
p.Gln1749His,T29,FLNA,missense_variant,0.0526
p.Asp22Ala,T91,FLNA,missense_variant,0.0535
p.Glu720Lys,T18,FLNA,missense_variant,0.0541
p.Thr1276Ile,T121,FLNA,missense_variant,0.0548
p.Ser2433Phe,T2,FLNA,missense_variant,0.0549
p.Gly288Arg,T127,FLNA,missense_variant,0.0553
p.Gln1749His,T12,FLNA,missense_variant,0.0556
p.Gly462Asp,T118,FLNA,missense_variant,0.0566
p.Ala2434Val,T2,FLNA,missense_variant,0.0568
p.Trp142Cys,T93,FLNA,missense_variant,0.0575
p.Glu2286Lys,T151,FLNA,missense_variant,0.0577
p.Asp22Ala,T118,FLNA,missense_variant,0.0581
p.Trp142Cys,T35,FLNA,missense_variant,0.0594
p.Pro2256Ser,T35,FLNA,missense_variant,0.0597
p.Arg708Gln,T151,FLNA,missense_variant,0.06
p.Ser564Asn,T2,FLNA,missense_variant,0.0606
p.Asp125Asn,T5,FLNA,missense_variant,0.0615
p.Met424Thr,T22,FLNA,missense_variant,0.062
p.Ala2257Thr,T18,FLNA,missense_variant,0.0625
p.Asp22Ala,T101,FLNA,missense_variant,0.063
p.Ser1812Leu,T22,FLNA,missense_variant,0.0632
p.Asp673Asn,T18,FLNA,missense_variant,0.0641
p.Asp22Ala,T29,FLNA,missense_variant,0.0644
p.Asp2556Ala,T93,FLNA,missense_variant,0.0645
p.Val2592Gly,T31,FLNA,missense_variant,0.0648
p.Gln2055Glu,T35,FLNA,missense_variant,0.0652
p.Asp22Ala,T22,FLNA,missense_variant,0.0654
p.Asp1931Gly,T121,FLNA,missense_variant,0.0656
p.Gly2254Arg,T13,FLNA,missense_variant,0.0659
p.Gln1749His,T39,FLNA,missense_variant,0.066
p.Gly462Asp,T39,FLNA,missense_variant,0.0667
p.Gly2610Ser,T121,FLNA,missense_variant,0.0678
p.Val2255Met,T29,FLNA,missense_variant,0.069
p.Asp2556Ala,T22,FLNA,missense_variant,0.0695
p.Val1392Ile,T121,FLNA,missense_variant,0.0702
p.Asp2634Asn,T133,FLNA,missense_variant,0.0714
p.Ala2150Thr,T121,FLNA,missense_variant,0.0723
p.Asp322Asn,T121,FLNA,missense_variant,0.0727
p.Gln1749His,T134,FLNA,missense_variant,0.0735
p.Gly2244Arg,T2,FLNA,missense_variant,0.0741
p.Asp1931Gly,T39,FLNA,missense_variant,0.0743
p.Arg2003Gly,T2,FLNA,missense_variant,0.0748
p.Asp1931Gly,T4,FLNA,missense_variant,0.076
p.Asp2556Ala,T3,FLNA,missense_variant,0.0763
p.Asp22Ala,T10,FLNA,missense_variant,0.0777
p.Trp142Cys,T118,FLNA,missense_variant,0.08
p.Trp142Cys,T121,FLNA,missense_variant,0.0874
p.Gln1749His,T118,FLNA,missense_variant,0.0957
p.Ala361Thr,T29,FLNA,missense_variant,0.0964
p.Gln1749His,T4,FLNA,missense_variant,0.0965
p.Asp2556Ala,T29,FLNA,missense_variant,0.0971
p.Trp142Cys,T22,FLNA,missense_variant,0.0977
p.Gln1749His,T93,FLNA,missense_variant,0.0978
p.Gln1749His,T127,FLNA,missense_variant,0.0986
p.Asp2556Ala,T118,FLNA,missense_variant,0.1
p.Gln1749His,T22,FLNA,missense_variant,0.1009
p.Val2230Gly,T23,FLNA,missense_variant,0.1011
p.Asp2556Ala,T145,FLNA,missense_variant,0.1036
p.Pro1776Leu,T121,FLNA,missense_variant,0.1064
p.Val2255Met,T118,FLNA,missense_variant,0.1081
p.His2506Arg,T142,FLNA,missense_variant,0.1084
p.Asp2556Ala,T4,FLNA,missense_variant,0.1091
p.Arg2003Gly,T39,FLNA,missense_variant,0.1102
p.Asp2556Ala,T24,FLNA,missense_variant,0.111
p.Asp2556Ala,T121,FLNA,missense_variant,0.1224
p.Val940Gly,T121,FLNA,missense_variant,0.1228
p.Glu1130Lys,T135,FLNA,missense_variant,0.123
p.Gln1749His,T121,FLNA,missense_variant,0.1277
p.Gln1749His,T2,FLNA,missense_variant,0.1316
p.Pro1035Ser,T135,FLNA,missense_variant,0.1363
p.Asp2556Ala,T111,FLNA,missense_variant,0.1373
p.Ile1138Ser,T138,FLNA,missense_variant,0.1441
p.Asp2556Ala,T56,FLNA,missense_variant,0.1491
p.Arg527His,T34,FLNA,missense_variant,0.1858
p.Arg2146His,T25,FLNA,missense_variant,0.1996
p.Gly1096Ser,T4,FLNA,missense_variant,0.209
p.Gln1001Arg,T142,FLNA,missense_variant,0.2331
p.Arg634Cys,T23,FLNA,missense_variant,0.2574
p.Arg527His,T117,FLNA,missense_variant,0.2888
p.Arg488Gln,T128,FLNA,missense_variant,0.3328
p.Leu140Phe,T62,FLNA,missense_variant,0.7239
-,T38,FLNA,splice_acceptor_variant,0.4422
p.Gln941Ter,T18,FLNA,stop_gained,0.0526
p.Gln363Ter,T22,FLNA,stop_gained,0.0571
p.Ile1971MetfsTer7,T45,FLNA,stop_gained,0.1821
p.Ile1971MetfsTer7,T38,FLNA,stop_gained,0.2008
p.Lys771MetfsTer7,T6,FLNA,stop_gained,0.4309
p.Glu143Asp,T23,HRAS,missense_variant,0.2372
p.Gln43Ter,T118,HRAS,stop_gained,0.0615
p.Gly2962AlafsTer8,T137,KMT2C,frameshift_variant,0.0526
p.Phe4496LeufsTer21,T62,KMT2C,frameshift_variant,0.0681
p.Phe4496LeufsTer21,T135,KMT2C,frameshift_variant,0.2066
p.Pro29ValfsTer32,T45,KMT2C,frameshift_variant,0.2884
p.Ser28MetfsTer81,T45,KMT2C,frameshift_variant,0.2959
p.Gly4619ValfsTer11,T45,KMT2C,frameshift_variant,0.3086
p.Gln4618HisfsTer10,T45,KMT2C,frameshift_variant,0.3216
p.Lys2797GlyfsTer11,T135,KMT2C,frameshift_variant,0.3297
p.Gln666HisfsTer8,T6,KMT2C,frameshift_variant,0.362
p.Gln668TyrfsTer4,T6,KMT2C,frameshift_variant,0.3657
p.Arg199CysfsTer27,T45,KMT2C,frameshift_variant,0.3729
p.Pro4416GlnfsTer20,T6,KMT2C,frameshift_variant,0.3783
p.Gly4619ValfsTer4,T38,KMT2C,frameshift_variant,0.4041
p.Ser2123CysfsTer24,T38,KMT2C,frameshift_variant,0.4099
p.Arg1986PhefsTer22,T6,KMT2C,frameshift_variant,0.4101
p.Gly3480ValfsTer16,T38,KMT2C,frameshift_variant,0.4104
p.Gly3480TyrfsTer35,T38,KMT2C,frameshift_variant,0.4112
p.Ser1985CysfsTer9,T6,KMT2C,frameshift_variant,0.4151
p.Gln666HisfsTer8,T38,KMT2C,frameshift_variant,0.4165
p.Gln668TyrfsTer4,T38,KMT2C,frameshift_variant,0.4189
p.Val3549CysfsTer23,T38,KMT2C,frameshift_variant,0.4247
p.Gln666HisfsTer8,T45,KMT2C,frameshift_variant,0.4303
p.Gln668TyrfsTer4,T45,KMT2C,frameshift_variant,0.432
p.Gly3480ValfsTer16,T6,KMT2C,frameshift_variant,0.4422
p.Gly3480TyrfsTer35,T6,KMT2C,frameshift_variant,0.4428
p.Thr1191MetfsTer30,T38,KMT2C,frameshift_variant,0.4431
p.Gly4619CysfsTer7,T38,KMT2C,frameshift_variant,0.458
p.Gly3480TyrfsTer35,T45,KMT2C,frameshift_variant,0.4725
p.Gly3480ValfsTer16,T45,KMT2C,frameshift_variant,0.4729
p.Ser1301CysfsTer6,T6,KMT2C,frameshift_variant,0.5043
p.Arg2124PhefsTer32,T45,KMT2C,frameshift_variant,0.5861
p.Ser2123CysfsTer24,T45,KMT2C,frameshift_variant,0.595
p.Lys1000AsnfsTer33,T38,KMT2C,frameshift_variant,0.8147
p.Trp1002PhefsTer31,T38,KMT2C,frameshift_variant,0.9718
p.Glu1097del,T27,KMT2C,inframe_deletion,0.1629
p.Gly2507del,T45,KMT2C,inframe_deletion,0.8388
p.Gln4528_Arg4529insTyrCysValLeu,T38,KMT2C,inframe_insertion,0.3539
p.Gln668_Leu669insTyrCysVal,T6,KMT2C,inframe_insertion,0.3704
p.Glu4381_Phe4382insGlnTyrCysValLeu,T38,KMT2C,inframe_insertion,0.3952
p.Gln668_Leu669insTyrCysVal,T38,KMT2C,inframe_insertion,0.4235
p.Gln668_Leu669insTyrCysVal,T45,KMT2C,inframe_insertion,0.4355
p.Met2304_Thr2305insTyrSerIleAlaPheTrp,T45,KMT2C,inframe_insertion,0.4566
p.Ser1301_Val1302insPheCys,T6,KMT2C,inframe_insertion,0.5043
p.Pro3367_Gly3368insCysThrValLeuArgPheAla,T6,KMT2C,inframe_insertion,0.5447
p.Pro1019_Gly1020insCysThrValLeuArgPhe,T45,KMT2C,inframe_insertion,0.5951
p.Asn3001Ser,T121,KMT2C,missense_variant,0.05
p.Asp1845Asn,T122,KMT2C,missense_variant,0.0504
p.Gly1294Glu,T18,KMT2C,missense_variant,0.0513
p.Ala3765Thr,T62,KMT2C,missense_variant,0.0519
p.Pro2467Ser,T147,KMT2C,missense_variant,0.0526
p.Cys4291Tyr,T22,KMT2C,missense_variant,0.0533
p.Cys453Tyr,T132,KMT2C,missense_variant,0.0541
p.Lys4359Glu,T5,KMT2C,missense_variant,0.0544
p.Arg1068Lys,T147,KMT2C,missense_variant,0.0548
p.Asn1093Lys,T146,KMT2C,missense_variant,0.0549
p.Gly3541Glu,T22,KMT2C,missense_variant,0.0552
p.Gly4879Glu,T151,KMT2C,missense_variant,0.0556
p.Thr1298Ile,T29,KMT2C,missense_variant,0.0562
p.Cys2335Tyr,T147,KMT2C,missense_variant,0.0563
p.Val2060Met,T118,KMT2C,missense_variant,0.0566
p.Ala1366Val,T121,KMT2C,missense_variant,0.0571
p.Val2171Phe,T114,KMT2C,missense_variant,0.0577
p.Gly2962Ser,T77,KMT2C,missense_variant,0.0584
p.Gly2346Asp,T5,KMT2C,missense_variant,0.0585
p.Pro4293Leu,T66,KMT2C,missense_variant,0.0594
p.Pro2961Leu,T121,KMT2C,missense_variant,0.0606
p.Gly530Ser,T13,KMT2C,missense_variant,0.0649
p.Cys988Tyr,T29,KMT2C,missense_variant,0.0656
p.Ala3276Thr,T147,KMT2C,missense_variant,0.0659
p.Pro3354Leu,T35,KMT2C,missense_variant,0.0678
p.Pro4302Leu,T101,KMT2C,missense_variant,0.0732
p.Gly247Ser,T29,KMT2C,missense_variant,0.0741
p.Glu3440Lys,T121,KMT2C,missense_variant,0.0803
p.Ala1453Thr,T151,KMT2C,missense_variant,0.0822
p.Pro4302Ser,T39,KMT2C,missense_variant,0.0862
p.Ile3597Asn,T121,KMT2C,missense_variant,0.0886
p.Pro2465Ser,T35,KMT2C,missense_variant,0.0952
p.Gln4534Pro,T138,KMT2C,missense_variant,0.0958
p.Ser28Arg,T121,KMT2C,missense_variant,0.0968
p.Ser28Arg,T118,KMT2C,missense_variant,0.0991
p.Pro4293Ser,T29,KMT2C,missense_variant,0.1026
p.Ser772Leu,T132,KMT2C,missense_variant,0.1028
p.Pro3349Ser,T35,KMT2C,missense_variant,0.1081
p.Arg2963Cys,T113,KMT2C,missense_variant,0.125
p.Pro1549Leu,T34,KMT2C,missense_variant,0.1441
p.Pro4347Leu,T56,KMT2C,missense_variant,0.1558
p.Pro1549Leu,T117,KMT2C,missense_variant,0.2484
p.Lys4368Arg,T57,KMT2C,missense_variant,0.2494
p.Gly1176Asp,T66,KMT2C,missense_variant,0.2614
-,T109,KMT2C,splice_acceptor_variant,0.2611
p.Trp1639Ter,T151,KMT2C,stop_gained,0.0571
p.Trp1639Ter,T26,KMT2C,stop_gained,0.058
p.Gln3064Ter,T114,KMT2C,stop_gained,0.0615
p.Gln1782Ter,T74,KMT2C,stop_gained,0.0789
p.Ser2123_Arg2124insPheTer,T38,KMT2C,stop_gained,0.4051
p.Asn544MetfsTer7,T6,KMT2C,stop_gained,0.7518
p.Asn544MetfsTer7,T38,KMT2C,stop_gained,0.7634
p.Leu120IlefsTer7,T132,KRAS,frameshift_variant,0.1304
p.Glu49GlnfsTer24,T45,KRAS,frameshift_variant,0.4831
p.Val81Ile,T151,KRAS,missense_variant,0.0513
p.Gly48Glu,T151,KRAS,missense_variant,0.0556
p.Arg161Lys,T5,KRAS,missense_variant,0.0639
p.Gly12Asp,T30,KRAS,missense_variant,0.0736
p.Gly115Arg,T151,KRAS,missense_variant,0.0889
p.Asp92Asn,T121,KRAS,missense_variant,0.1026
p.His27Tyr,T132,KRAS,missense_variant,0.1143
p.Thr20Met,T128,KRAS,missense_variant,0.1388
p.Gly12Arg,T9,KRAS,missense_variant,0.1416
p.Gly12Asp,T134,KRAS,missense_variant,0.1441
p.Gly12Asp,T76,KRAS,missense_variant,0.1442
p.Ala146Thr,T82,KRAS,missense_variant,0.1571
p.Gly12Val,T40,KRAS,missense_variant,0.1591
p.Gly13Asp,T45,KRAS,missense_variant,0.161
p.Gly12Ala,T1,KRAS,missense_variant,0.165
p.Gly12Val,T27,KRAS,missense_variant,0.1832
p.Gly12Cys,T64,KRAS,missense_variant,0.1898
p.Gly12Val,T73,KRAS,missense_variant,0.1998
p.Gly12Asp,T3,KRAS,missense_variant,0.203
p.Gly12Asp,T79,KRAS,missense_variant,0.2212
p.Gly12Asp,T120,KRAS,missense_variant,0.2213
p.Gly13Asp,T58,KRAS,missense_variant,0.2222
p.Gly12Asp,T87,KRAS,missense_variant,0.2244
p.Val8Leu,T87,KRAS,missense_variant,0.2288
p.Gly13Asp,T21,KRAS,missense_variant,0.2348
p.Gly12Asp,T52,KRAS,missense_variant,0.24
p.Gly12Val,T38,KRAS,missense_variant,0.2436
p.Gly12Asp,T13,KRAS,missense_variant,0.25
p.Gly13Asp,T145,KRAS,missense_variant,0.2538
p.Gln61His,T28,KRAS,missense_variant,0.2602
p.Gly12Asp,T4,KRAS,missense_variant,0.2667
p.Gly12Asp,T111,KRAS,missense_variant,0.2703
p.Gly12Ala,T33,KRAS,missense_variant,0.271
p.Gly13Asp,T113,KRAS,missense_variant,0.281
p.Gly12Val,T41,KRAS,missense_variant,0.2824
p.Gly12Asp,T85,KRAS,missense_variant,0.2902
p.Gly12Val,T29,KRAS,missense_variant,0.2909
p.Gly12Cys,T96,KRAS,missense_variant,0.2931
p.Gly12Asp,T92,KRAS,missense_variant,0.3181
p.Gly12Val,T10,KRAS,missense_variant,0.3261
p.Gly13Asp,T25,KRAS,missense_variant,0.3285
p.Gly12Asp,T6,KRAS,missense_variant,0.3323
p.Gly12Asp,T81,KRAS,missense_variant,0.3333
p.Gly13Asp,T107,KRAS,missense_variant,0.3345
p.Gly12Asp,T53,KRAS,missense_variant,0.3399
p.Gly12Asp,T61,KRAS,missense_variant,0.3494
p.Gly12Asp,T110,KRAS,missense_variant,0.3568
p.Gly12Val,T109,KRAS,missense_variant,0.3571
p.Gly12Val,T147,KRAS,missense_variant,0.3939
p.Gly12Val,T71,KRAS,missense_variant,0.3948
p.Ala146Thr,T116,KRAS,missense_variant,0.3971
p.Gly12Asp,T118,KRAS,missense_variant,0.404
p.Gly12Val,T74,KRAS,missense_variant,0.4059
p.Gly12Asp,T136,KRAS,missense_variant,0.4071
p.Gly12Ser,T128,KRAS,missense_variant,0.4131
p.Gln61His,T94,KRAS,missense_variant,0.4145
p.Lys117Asn,T105,KRAS,missense_variant,0.4195
p.Gly12Asp,T144,KRAS,missense_variant,0.4504
p.Gly13Asp,T139,KRAS,missense_variant,0.4583
p.Gly12Asp,T50,KRAS,missense_variant,0.4688
p.Gly12Cys,T54,KRAS,missense_variant,0.4696
p.Gly12Val,T2,KRAS,missense_variant,0.4728
p.Gly12Cys,T44,KRAS,missense_variant,0.4889
p.Gly12Val,T137,KRAS,missense_variant,0.514
p.Gly13Asp,T133,KRAS,missense_variant,0.5159
p.Gly12Ser,T48,KRAS,missense_variant,0.525
p.Val14Ile,T46,KRAS,missense_variant,0.5253
p.Gln61Leu,T104,KRAS,missense_variant,0.5326
p.Gly12Asp,T124,KRAS,missense_variant,0.5383
p.Gly12Val,T80,KRAS,missense_variant,0.5466
-,T114,KRAS,splice_acceptor_variant,0.0536
-,T13,KRAS,splice_acceptor_variant,0.0566
p.Arg164Ter,T114,KRAS,stop_gained,0.1
p.Met302IlefsTer11,T84,MAP2K1,frameshift_variant,0.0698
p.Leu74GlnfsTer53,T38,MAP2K1,frameshift_variant,0.3282
p.Thr286Ile,T5,MAP2K1,missense_variant,0.0506
p.Gly149Ser,T18,MAP2K1,missense_variant,0.0526
p.Arg305Gln,T19,MAP2K1,missense_variant,0.0566
p.Gly167Glu,T13,MAP2K1,missense_variant,0.0571
p.Asp267Asn,T5,MAP2K1,missense_variant,0.0617
p.Pro321Leu,T151,MAP2K1,missense_variant,0.0652
p.Gly159Arg,T5,MAP2K1,missense_variant,0.08
p.Glu182Lys,T41,MAP2K1,missense_variant,0.0976
p.Met274Leu,T132,MAP2K1,missense_variant,0.1008
p.Lys104Thr,T23,MAP2K1,missense_variant,0.15
p.Met308Ile,T151,MAP2K1,missense_variant,0.1818
-,T118,MAP2K1,splice_acceptor_variant,0.0606
-,T132,MAP2K1,splice_acceptor_variant,0.0909
p.Arg102_Val103insCysThrValLeuArgPhe,T6,NRAS,inframe_insertion,0.5374
p.Arg102_Val103insCysThrValLeuArgPhe,T38,NRAS,inframe_insertion,0.5526
p.Arg102_Val103insCysThrValLeuArgPhe,T45,NRAS,inframe_insertion,0.5867
p.Ala146Thr,T151,NRAS,missense_variant,0.0515
p.Gly12Val,T140,NRAS,missense_variant,0.1789
p.Gln61His,T99,NRAS,missense_variant,0.2085
p.Gln61His,T6,NRAS,missense_variant,0.3381
p.Gln61Lys,T150,NRAS,missense_variant,0.3584
p.Gly12Asp,T127,NRAS,missense_variant,0.3772
p.Gln61Leu,T39,NRAS,missense_variant,0.4444
p.Gly12Cys,T93,NRAS,missense_variant,0.4513
p.Gln61Arg,T123,NRAS,missense_variant,0.5186
p.Gln99Ter,T13,NRAS,stop_gained,0.0635
p.Glu31Ter,T23,NRAS,stop_gained,0.2351
p.Asn1068LysfsTer5,T140,PIK3CA,frameshift_variant,0.1621
p.Met164SerfsTer26,T6,PIK3CA,frameshift_variant,0.4654
p.Tyr317LysfsTer20,T6,PIK3CA,frameshift_variant,0.533
p.Tyr317LysfsTer20,T38,PIK3CA,frameshift_variant,0.5344
p.Ile112GlnfsTer37,T45,PIK3CA,frameshift_variant,0.5769
p.Ile112GlnfsTer37,T38,PIK3CA,frameshift_variant,0.5829
p.Thr41IlefsTer10,T6,PIK3CA,frameshift_variant,0.6005
p.Ala40ThrfsTer11,T6,PIK3CA,frameshift_variant,0.6014
p.Tyr317LysfsTer20,T45,PIK3CA,frameshift_variant,0.6997
p.Leu113del,T80,PIK3CA,inframe_deletion,0.2152
p.Glu545Lys,T30,PIK3CA,missense_variant,0.0515
p.Ala581Thr,T114,PIK3CA,missense_variant,0.0519
p.Glu218Lys,T114,PIK3CA,missense_variant,0.0541
p.Met1004Ile,T141,PIK3CA,missense_variant,0.0544
p.Thr536Ile,T114,PIK3CA,missense_variant,0.0545
p.Arg54Lys,T118,PIK3CA,missense_variant,0.0588
p.Glu259Lys,T151,PIK3CA,missense_variant,0.0597
p.Gly188Arg,T4,PIK3CA,missense_variant,0.0606
p.Ala1027Thr,T151,PIK3CA,missense_variant,0.0645
p.Asp64Tyr,T77,PIK3CA,missense_variant,0.0652
p.Cys378Ser,T84,PIK3CA,missense_variant,0.0741
p.His676Tyr,T151,PIK3CA,missense_variant,0.0769
p.Met583Ile,T147,PIK3CA,missense_variant,0.0882
p.Glu542Lys,T38,PIK3CA,missense_variant,0.089
p.Glu600Lys,T123,PIK3CA,missense_variant,0.1019
p.Arg38Cys,T79,PIK3CA,missense_variant,0.1164
p.Glu542Lys,T79,PIK3CA,missense_variant,0.1197
p.Glu545Lys,T27,PIK3CA,missense_variant,0.1498
p.Glu81Lys,T55,PIK3CA,missense_variant,0.1656
p.Glu545Lys,T123,PIK3CA,missense_variant,0.1706
p.Glu545Lys,T71,PIK3CA,missense_variant,0.1727
p.Arg662Lys,T151,PIK3CA,missense_variant,0.1765
p.Glu545Lys,T120,PIK3CA,missense_variant,0.1768
p.Cys420Arg,T64,PIK3CA,missense_variant,0.1814
p.Tyr1021Cys,T40,PIK3CA,missense_variant,0.1831
p.Gln546Lys,T55,PIK3CA,missense_variant,0.2076
p.Glu542Lys,T3,PIK3CA,missense_variant,0.2104
p.Val580Ile,T151,PIK3CA,missense_variant,0.2143
p.Arg93Gln,T46,PIK3CA,missense_variant,0.22
p.Glu545Lys,T104,PIK3CA,missense_variant,0.2366
p.Glu545Lys,T6,PIK3CA,missense_variant,0.2411
p.Gly359Arg,T12,PIK3CA,missense_variant,0.2468
p.Cys420Arg,T96,PIK3CA,missense_variant,0.25
p.Cys420Arg,T46,PIK3CA,missense_variant,0.2528
p.His1047Arg,T128,PIK3CA,missense_variant,0.258
p.Glu545Lys,T105,PIK3CA,missense_variant,0.2809
p.Glu545Lys,T143,PIK3CA,missense_variant,0.2829
p.His1047Arg,T45,PIK3CA,missense_variant,0.2914
p.Gln546Lys,T54,PIK3CA,missense_variant,0.2919
p.Glu545Lys,T49,PIK3CA,missense_variant,0.3049
p.His1047Arg,T100,PIK3CA,missense_variant,0.3097
p.Cys420Arg,T102,PIK3CA,missense_variant,0.3451
p.Glu545Lys,T2,PIK3CA,missense_variant,0.3457
p.His1047Arg,T81,PIK3CA,missense_variant,0.3712
p.His1047Leu,T55,PIK3CA,missense_variant,0.3831
p.Glu545Lys,T139,PIK3CA,missense_variant,0.3939
p.Lys111Glu,T50,PIK3CA,missense_variant,0.4408
p.His1047Arg,T107,PIK3CA,missense_variant,0.488
-,T5,PIK3CA,splice_acceptor_variant,0.0541
p.Glu65Ter,T113,PIK3CA,stop_gained,0.05
p.Gln247Ter,T151,PIK3CA,stop_gained,0.0517
p.Arg88Ter,T110,PIK3CA,stop_gained,0.0547
p.Glu65Ter,T139,PIK3CA,stop_gained,0.0889
p.Glu65Ter,T22,PIK3CA,stop_gained,0.0938
p.Glu80Ter,T93,PIK3CA,stop_gained,0.1
p.Glu81Ter,T88,PIK3CA,stop_gained,0.1111
p.Glu65Ter,T118,PIK3CA,stop_gained,0.1176
p.Glu81Ter,T137,PIK3CA,stop_gained,0.1707
p.Glu81Ter,T132,PIK3CA,stop_gained,0.2813
p.Arg728ValfsTer66,T6,POLE,frameshift_variant,0.4538
p.Asp725_Tyr726insValGln,T6,POLE,inframe_insertion,0.5047
p.His1682Tyr,T151,POLE,missense_variant,0.05
p.Ser643Phe,T151,POLE,missense_variant,0.0519
p.Pro1481Ser,T18,POLE,missense_variant,0.0526
p.Pro1095Ser,T147,POLE,missense_variant,0.0556
p.His808Tyr,T151,POLE,missense_variant,0.0559
p.Ala374Val,T121,POLE,missense_variant,0.0562
p.Leu1235Phe,T22,POLE,missense_variant,0.0571
p.Gly628Glu,T22,POLE,missense_variant,0.0581
p.Glu784Lys,T147,POLE,missense_variant,0.0588
p.Leu1997Phe,T121,POLE,missense_variant,0.0635
p.Arg1471Cys,T151,POLE,missense_variant,0.0645
p.Glu978Gln,T151,POLE,missense_variant,0.0656
p.Glu784Lys,T121,POLE,missense_variant,0.069
p.Ala97Thr,T151,POLE,missense_variant,0.0702
p.Gln303Pro,T135,POLE,missense_variant,0.073
p.Glu1966Lys,T121,POLE,missense_variant,0.0746
p.Thr69Ile,T22,POLE,missense_variant,0.0755
p.Leu2130Phe,T121,POLE,missense_variant,0.0759
p.Ser1242Phe,T121,POLE,missense_variant,0.0769
p.Glu450Lys,T29,POLE,missense_variant,0.0819
p.Ala832Thr,T121,POLE,missense_variant,0.0889
p.Arg1679His,T69,POLE,missense_variant,0.1028
p.Glu848Lys,T121,POLE,missense_variant,0.1053
p.Gly963Ser,T97,POLE,missense_variant,0.2297
p.Pro286Arg,T23,POLE,missense_variant,0.2484
-,T5,POLE,splice_acceptor_variant,0.0583
-,T5,POLE,splice_acceptor_variant,0.0647
-,T6,POLE,splice_acceptor_variant,0.0739
-,T38,POLE,splice_acceptor_variant,0.3952
-,T45,POLE,splice_acceptor_variant,0.4692
-,T6,POLE,splice_acceptor_variant,0.5273
-,T38,POLE,splice_acceptor_variant,0.5572
p.Gln1984Ter,T5,POLE,stop_gained,0.0635
p.Trp775Ter,T151,POLE,stop_gained,0.0952
p.Lys1550MetfsTer7,T6,POLE,stop_gained,0.3509
p.Lys1550MetfsTer7,T38,POLE,stop_gained,0.3593
p.Ala97ProfsTer35,T22,PPP2R1A,frameshift_variant,0.0556
p.Leu366CysfsTer15,T38,PPP2R1A,frameshift_variant,0.4135
p.Met208LysfsTer13,T45,PPP2R1A,frameshift_variant,0.4766
p.Met208LysfsTer13,T6,PPP2R1A,frameshift_variant,0.4995
p.Asp218Asn,T39,PPP2R1A,missense_variant,0.0526
p.Gly432Glu,T13,PPP2R1A,missense_variant,0.0536
p.Ala480Thr,T151,PPP2R1A,missense_variant,0.0559
p.Ala431Thr,T151,PPP2R1A,missense_variant,0.0645
p.Arg418Gln,T66,PPP2R1A,missense_variant,0.067
p.Ala224Thr,T151,PPP2R1A,missense_variant,0.0714
p.Glu101Lys,T121,PPP2R1A,missense_variant,0.0816
p.Lys194Asn,T114,PPP2R1A,missense_variant,0.1414
p.Arg183Trp,T58,PPP2R1A,missense_variant,0.1578
p.Leu446Val,T23,PPP2R1A,missense_variant,0.2217
p.Arg183Trp,T94,PPP2R1A,missense_variant,0.2593
p.Arg182Trp,T122,PPP2R1A,missense_variant,0.2667
-,T39,PPP2R1A,splice_acceptor_variant,0.0526
p.Pro96HisfsTer3,T114,PTEN,frameshift_variant,0.0612
p.Lys322ThrfsTer3,T38,PTEN,frameshift_variant,0.1225
p.Lys267ArgfsTer9,T138,PTEN,frameshift_variant,0.1479
p.Asp324AlafsTer25,T38,PTEN,frameshift_variant,0.1684
p.Lys322ThrfsTer3,T45,PTEN,frameshift_variant,0.1818
p.Asp324AlafsTer25,T45,PTEN,frameshift_variant,0.1885
p.Lys322ThrfsTer3,T6,PTEN,frameshift_variant,0.2131
p.Asp324AlafsTer25,T6,PTEN,frameshift_variant,0.2342
p.Lys144AsnfsTer6,T6,PTEN,frameshift_variant,0.2364
p.Gly143AspfsTer39,T6,PTEN,frameshift_variant,0.2397
p.His272Gln,T63,PTEN,missense_variant,0.0588
p.Glu353Lys,T151,PTEN,missense_variant,0.0597
p.His272Gln,T62,PTEN,missense_variant,0.0606
p.Met35Ile,T29,PTEN,missense_variant,0.0632
p.His272Gln,T136,PTEN,missense_variant,0.0652
p.Asp52Asn,T116,PTEN,missense_variant,0.0656
p.His272Gln,T67,PTEN,missense_variant,0.069
p.Glu284Lys,T118,PTEN,missense_variant,0.0781
p.His272Gln,T121,PTEN,missense_variant,0.082
p.Gly293Glu,T151,PTEN,missense_variant,0.0938
p.His272Gln,T21,PTEN,missense_variant,0.0946
p.Val275Leu,T39,PTEN,missense_variant,0.0949
p.Asp393Asn,T29,PTEN,missense_variant,0.0952
p.Val275Leu,T133,PTEN,missense_variant,0.0962
p.Asp395Asn,T116,PTEN,missense_variant,0.1053
p.Arg55Lys,T116,PTEN,missense_variant,0.1071
p.His272Gln,T70,PTEN,missense_variant,0.1091
p.Val275Leu,T124,PTEN,missense_variant,0.1111
p.Ile101Leu,T40,PTEN,missense_variant,0.1709
p.Val275Leu,T125,PTEN,missense_variant,0.1923
p.Arg55Lys,T18,PTEN,missense_variant,0.2222
p.Phe56Cys,T33,PTEN,missense_variant,0.2381
p.Gln97Ter,T121,PTEN,stop_gained,0.0541
p.Gln87Ter,T116,PTEN,stop_gained,0.0595
p.Gln261Ter,T1,PTEN,stop_gained,0.0705
p.Arg15Ter,T138,PTEN,stop_gained,0.1784
p.Gly659ValfsTer41,T132,RNF43,frameshift_variant,0.0659
p.Gly659ValfsTer41,T114,RNF43,frameshift_variant,0.0767
p.Gly130ValfsTer28,T138,RNF43,frameshift_variant,0.1298
p.Leu435HisfsTer8,T138,RNF43,frameshift_variant,0.1561
p.Arg117ProfsTer8,T114,RNF43,frameshift_variant,0.1615
p.Pro660SerfsTer87,T76,RNF43,frameshift_variant,0.2488
p.Arg117AlafsTer41,T142,RNF43,frameshift_variant,0.2795
p.Arg117ProfsTer41,T62,RNF43,frameshift_variant,0.3739
p.Arg392GlufsTer27,T77,RNF43,frameshift_variant,0.3813
p.Glu713AspfsTer40,T38,RNF43,frameshift_variant,0.4228
p.Glu43AspfsTer8,T38,RNF43,frameshift_variant,0.4756
p.Gly659ValfsTer41,T135,RNF43,frameshift_variant,0.4828
p.Gly659ValfsTer41,T66,RNF43,frameshift_variant,0.5758
p.Gly659ValfsTer41,T122,RNF43,frameshift_variant,0.612
p.Gly659ValfsTer41,T32,RNF43,frameshift_variant,0.7164
p.Ser41_Ala42insValLeuArgPhe,T38,RNF43,inframe_insertion,0.4899
p.Gly540Glu,T5,RNF43,missense_variant,0.0526
p.Gly702Arg,T121,RNF43,missense_variant,0.0566
p.Arg386Trp,T93,RNF43,missense_variant,0.0588
p.Phe375Leu,T93,RNF43,missense_variant,0.0684
p.Phe375Leu,T22,RNF43,missense_variant,0.0746
p.Phe375Leu,T121,RNF43,missense_variant,0.0775
p.Phe375Leu,T118,RNF43,missense_variant,0.0909
p.Ala136Asp,T62,RNF43,missense_variant,0.2419
p.Arg117Ser,T62,RNF43,missense_variant,0.2899
p.Ile48Thr,T11,RNF43,missense_variant,0.3424
p.Arg132Ter,T109,RNF43,stop_gained,0.5928
p.Pro207GlnfsTer31,T64,SMAD2,frameshift_variant,0.1537
p.Gly301ValfsTer25,T38,SMAD2,frameshift_variant,0.1953
p.Gly301ValfsTer25,T6,SMAD2,frameshift_variant,0.2441
p.Pro207Ser,T147,SMAD2,missense_variant,0.0536
p.Gly379Asp,T19,SMAD2,missense_variant,0.0548
p.Val174Ile,T18,SMAD2,missense_variant,0.0566
p.Leu115Phe,T29,SMAD2,missense_variant,0.0615
p.Met466Ile,T150,SMAD2,missense_variant,0.0627
p.Asn307Lys,T142,SMAD2,missense_variant,0.0765
p.Gly379Ser,T146,SMAD2,missense_variant,0.0889
p.Arg462Cys,T62,SMAD2,missense_variant,0.1174
p.Gly342Asp,T151,SMAD2,missense_variant,0.129
p.Ser465Asn,T64,SMAD2,missense_variant,0.1716
p.Pro177Ser,T121,SMAD2,missense_variant,0.1724
p.Arg329Ile,T23,SMAD2,missense_variant,0.2031
p.Arg120Gln,T23,SMAD2,missense_variant,0.3095
p.Arg114His,T23,SMAD2,missense_variant,0.3125
p.Leu446Ile,T62,SMAD2,missense_variant,0.3725
p.Cys129Trp,T85,SMAD2,missense_variant,0.5004
p.Tyr406Cys,T6,SMAD2,missense_variant,0.5012
p.Ser464Ter,T1,SMAD2,stop_gained,0.0707
p.Ser464Ter,T73,SMAD2,stop_gained,0.1984
p.Pro318IlefsTer19,T29,SMAD4,frameshift_variant,0.1
p.Arg189LeufsTer17,T38,SMAD4,frameshift_variant,0.3825
p.Arg189ThrfsTer17,T38,SMAD4,frameshift_variant,0.3833
p.Ser32Ter,T132,SMAD4,frameshift_variant,0.4077
p.Asp424MetfsTer12,T6,SMAD4,frameshift_variant,0.4565
p.Pro422ArgfsTer6,T6,SMAD4,frameshift_variant,0.4576
p.Asp424MetfsTer12,T38,SMAD4,frameshift_variant,0.4863
p.Pro422ArgfsTer6,T38,SMAD4,frameshift_variant,0.4881
p.Asp537del,T150,SMAD4,inframe_deletion,0.3881
p.Ala421_Pro422insLys,T38,SMAD4,inframe_insertion,0.4156
p.Ala421_Pro422insLys,T6,SMAD4,inframe_insertion,0.4266
p.Gly423Glu,T121,SMAD4,missense_variant,0.05
p.Val506Met,T151,SMAD4,missense_variant,0.0506
p.Pro320Leu,T5,SMAD4,missense_variant,0.0508
p.Thr453Ile,T15,SMAD4,missense_variant,0.0513
p.Gly236Arg,T151,SMAD4,missense_variant,0.0563
p.Ala433Thr,T133,SMAD4,missense_variant,0.0577
p.Gly145Arg,T121,SMAD4,missense_variant,0.0597
p.Leu82Phe,T151,SMAD4,missense_variant,0.0727
p.Arg378Lys,T151,SMAD4,missense_variant,0.0755
p.Cys363Arg,T1,SMAD4,missense_variant,0.0773
p.Arg361Cys,T30,SMAD4,missense_variant,0.0856
p.Pro139Ser,T151,SMAD4,missense_variant,0.1
p.Arg380Lys,T121,SMAD4,missense_variant,0.1039
p.Gly365Asp,T94,SMAD4,missense_variant,0.1165
p.Lys46Glu,T53,SMAD4,missense_variant,0.1464
p.Pro356Leu,T147,SMAD4,missense_variant,0.1467
p.Arg189Cys,T132,SMAD4,missense_variant,0.1489
p.Leu533Pro,T128,SMAD4,missense_variant,0.1507
p.Ser42Arg,T23,SMAD4,missense_variant,0.2377
p.His92Asp,T94,SMAD4,missense_variant,0.2385
p.Phe339Val,T8,SMAD4,missense_variant,0.2421
p.Leu57Ser,T81,SMAD4,missense_variant,0.2486
p.Arg361His,T11,SMAD4,missense_variant,0.2533
p.Arg361His,T52,SMAD4,missense_variant,0.3499
p.Ala406Val,T111,SMAD4,missense_variant,0.3572
p.Cys363Gly,T97,SMAD4,missense_variant,0.3614
p.Asp351Tyr,T145,SMAD4,missense_variant,0.4043
p.Lys507Asn,T144,SMAD4,missense_variant,0.4457
p.Leu540Pro,T31,SMAD4,missense_variant,0.4713
p.Gly384Asp,T75,SMAD4,missense_variant,0.51
p.Gln311Ter,T118,SMAD4,stop_gained,0.0541
p.Gln549Ter,T151,SMAD4,stop_gained,0.055
p.Gln311Ter,T19,SMAD4,stop_gained,0.0635
p.Lys428Ter,T13,SMAD4,stop_gained,0.1746
p.Gln455Ter,T60,SMAD4,stop_gained,0.2791
p.Thr243ProfsTer10,T19,SOX9,frameshift_variant,0.0508
p.Asn96LysfsTer156,T12,SOX9,frameshift_variant,0.0841
p.Asn201ThrfsTer18,T22,SOX9,frameshift_variant,0.0934
p.Ser39LeufsTer213,T119,SOX9,frameshift_variant,0.1262
p.Pro366ArgfsTer18,T73,SOX9,frameshift_variant,0.1282
p.Asp251ValfsTer3,T55,SOX9,frameshift_variant,0.1283
p.Phe69SerfsTer41,T73,SOX9,frameshift_variant,0.1356
p.Pro360ArgfsTer23,T114,SOX9,frameshift_variant,0.1376
p.Gln391SerfsTer10,T102,SOX9,frameshift_variant,0.1544
p.Glu388Ter,T2,SOX9,frameshift_variant,0.1636
p.Thr324AlafsTer236,T29,SOX9,frameshift_variant,0.1683
p.Pro374ArgfsTer9,T114,SOX9,frameshift_variant,0.1795
p.Asn201GlnfsTer51,T67,SOX9,frameshift_variant,0.2164
p.Arg508GlnfsTer17,T45,SOX9,frameshift_variant,0.2767
p.Arg508GlnfsTer17,T6,SOX9,frameshift_variant,0.2831
p.Arg508GlnfsTer17,T38,SOX9,frameshift_variant,0.287
p.Gln393SerfsTer10,T111,SOX9,frameshift_variant,0.3144
p.Val71CysfsTer39,T24,SOX9,frameshift_variant,0.3345
p.Ala472LeufsTer51,T47,SOX9,frameshift_variant,0.3495
p.Phe270SerfsTer25,T147,SOX9,frameshift_variant,0.3681
p.Ser431GlnfsTer153,T45,SOX9,frameshift_variant,0.4102
p.Pro48GlufsTer201,T43,SOX9,frameshift_variant,0.419
p.Gly263AlafsTer16,T143,SOX9,frameshift_variant,0.4226
p.Arg271ProfsTer25,T118,SOX9,frameshift_variant,0.4314
p.Val89AlafsTer167,T45,SOX9,frameshift_variant,0.4464
p.Asp290LysfsTer95,T45,SOX9,frameshift_variant,0.4715
p.Pro426SerfsTer45,T68,SOX9,frameshift_variant,0.477
p.Gln505AlafsTer72,T54,SOX9,frameshift_variant,0.4837
p.Lys205GlnfsTer47,T115,SOX9,frameshift_variant,0.4932
p.Asp290AlafsTer97,T45,SOX9,frameshift_variant,0.5085
p.Asp290AlafsTer97,T38,SOX9,frameshift_variant,0.5634
p.Lys167del,T66,SOX9,inframe_deletion,0.2449
p.Lys167del,T24,SOX9,inframe_deletion,0.272
p.Asn96_Val105del,T12,SOX9,inframe_deletion,0.3704
p.Arg508_Pro509insAsnThrVal,T45,SOX9,inframe_insertion,0.2923
p.Arg508_Pro509insAsnThrVal,T6,SOX9,inframe_insertion,0.3299
p.Arg508_Pro509insAsnThrVal,T38,SOX9,inframe_insertion,0.3551
p.Phe289_Asp290insGlnAsn,T38,SOX9,inframe_insertion,0.4821
p.Thr324Ala,T29,SOX9,missense_variant,0.0518
p.Gln347Pro,T54,SOX9,missense_variant,0.0603
p.Val313Gly,T48,SOX9,missense_variant,0.0685
p.Val313Gly,T121,SOX9,missense_variant,0.0738
p.Gln347Pro,T12,SOX9,missense_variant,0.075
p.Pro471Ser,T35,SOX9,missense_variant,0.0784
p.Ser231Phe,T133,SOX9,missense_variant,0.0833
p.Leu3Phe,T121,SOX9,missense_variant,0.0851
p.Pro237Leu,T13,SOX9,missense_variant,0.087
p.Gln347Pro,T151,SOX9,missense_variant,0.0885
p.Ser41Ala,T10,SOX9,missense_variant,0.129
p.Asp290His,T147,SOX9,missense_variant,0.1442
p.Pro92Ser,T23,SOX9,missense_variant,0.2246
p.Phe112Leu,T23,SOX9,missense_variant,0.2451
p.Val80Gly,T143,SOX9,missense_variant,0.2491
p.Asn45His,T43,SOX9,missense_variant,0.5174
p.Trp115Ter,T5,SOX9,stop_gained,0.0703
p.Gln376Ter,T34,SOX9,stop_gained,0.185
p.Glu409_Gln410insTer,T102,SOX9,stop_gained,0.2945
p.Tyr442Ter,T20,SOX9,stop_gained,0.309
p.Gln369Ter,T119,SOX9,stop_gained,0.3517
p.Gln351Ter,T99,SOX9,stop_gained,0.4126
p.Gln376Ter,T117,SOX9,stop_gained,0.5981
p.Gln369Ter,T78,SOX9,stop_gained,0.6376
p.Gly93ValfsTer13,T143,TCF7L2,frameshift_variant,0.1238
p.Thr182SerfsTer21,T46,TCF7L2,frameshift_variant,0.2279
p.Gln390IlefsTer37,T47,TCF7L2,frameshift_variant,0.3126
p.Pro194LysfsTer86,T38,TCF7L2,frameshift_variant,0.4857
p.Pro194LysfsTer86,T45,TCF7L2,frameshift_variant,0.618
p.Asp439Asn,T18,TCF7L2,missense_variant,0.0513
p.Arg368Gln,T51,TCF7L2,missense_variant,0.0556
p.Ala372Val,T132,TCF7L2,missense_variant,0.0602
p.Pro134Leu,T147,TCF7L2,missense_variant,0.0667
p.His170Tyr,T35,TCF7L2,missense_variant,0.0727
p.Thr124Pro,T16,TCF7L2,missense_variant,0.1087
p.Leu336Val,T125,TCF7L2,missense_variant,0.2048
p.Arg402Gln,T58,TCF7L2,missense_variant,0.2371
p.Arg402Gln,T95,TCF7L2,missense_variant,0.2374
p.Ser305Ter,T113,TCF7L2,stop_gained,0.1731
p.Lys128AlafsTer3,T4,TGFBR2,frameshift_variant,0.092
p.Lys128AlafsTer3,T132,TGFBR2,frameshift_variant,0.2121
p.Val534GlyfsTer6,T142,TGFBR2,frameshift_variant,0.2737
p.Lys128AlafsTer3,T135,TGFBR2,frameshift_variant,0.2863
p.Ile500ArgfsTer20,T6,TGFBR2,frameshift_variant,0.4597
p.Asp390LysfsTer4,T38,TGFBR2,frameshift_variant,0.4605
p.Asp390LysfsTer4,T6,TGFBR2,frameshift_variant,0.4681
p.Lys128AlafsTer3,T138,TGFBR2,frameshift_variant,0.5392
p.Lys128AlafsTer3,T122,TGFBR2,frameshift_variant,0.5423
p.Asp390LysfsTer4,T45,TGFBR2,frameshift_variant,0.5555
p.Lys128AlafsTer3,T66,TGFBR2,frameshift_variant,0.6424
p.Lys291del,T82,TGFBR2,inframe_deletion,0.1274
p.Cys71Tyr,T151,TGFBR2,missense_variant,0.0503
p.Gly417Glu,T18,TGFBR2,missense_variant,0.0536
p.Glu312Lys,T147,TGFBR2,missense_variant,0.0598
p.Asp397Asn,T151,TGFBR2,missense_variant,0.0721
p.Asp524Ala,T10,TGFBR2,missense_variant,0.0723
p.Thr168Ile,T121,TGFBR2,missense_variant,0.0784
p.Gly417Glu,T121,TGFBR2,missense_variant,0.1017
p.Arg528Cys,T135,TGFBR2,missense_variant,0.1939
p.Arg528Cys,T42,TGFBR2,missense_variant,0.1948
p.Cys520Tyr,T6,TGFBR2,missense_variant,0.3263
p.Val491Met,T105,TGFBR2,missense_variant,0.5417
p.Ser9ArgfsTer7,T121,TP53,frameshift_variant,0.05
p.Ser15ArgfsTer30,T9,TP53,frameshift_variant,0.2006
p.Arg202ThrfsTer7,T116,TP53,frameshift_variant,0.342
p.Pro301GlnfsTer44,T50,TP53,frameshift_variant,0.3565
p.Pro222ArgfsTer25,T52,TP53,frameshift_variant,0.3571
p.Ala159ProfsTer23,T44,TP53,frameshift_variant,0.3717
p.Ile195LysfsTer53,T46,TP53,frameshift_variant,0.3838
p.Pro153AlafsTer28,T115,TP53,frameshift_variant,0.4534
p.Leu201PhefsTer8,T116,TP53,frameshift_variant,0.5374
p.Ile255del,T34,TP53,inframe_deletion,0.2685
p.Arg174_Cys176del,T24,TP53,inframe_deletion,0.3139
p.Ser261_Gly262insPhe,T38,TP53,inframe_insertion,0.4149
p.Ser261_Gly262insPhe,T45,TP53,inframe_insertion,0.4877
p.Asp259Asn,T22,TP53,missense_variant,0.0506
p.Pro300Leu,T22,TP53,missense_variant,0.0513
p.Asp207Asn,T121,TP53,missense_variant,0.0548
p.Glu343Ala,T106,TP53,missense_variant,0.0563
p.Pro71Ser,T22,TP53,missense_variant,0.0588
p.Asp259Asn,T5,TP53,missense_variant,0.0615
p.Glu56Lys,T22,TP53,missense_variant,0.0667
p.Glu28Lys,T111,TP53,missense_variant,0.0727
p.Arg267Trp,T62,TP53,missense_variant,0.0862
p.Arg175His,T138,TP53,missense_variant,0.1259
p.Arg158His,T27,TP53,missense_variant,0.1264
p.Met340Ile,T121,TP53,missense_variant,0.1463
p.His168Arg,T34,TP53,missense_variant,0.1533
p.His179Asn,T139,TP53,missense_variant,0.1543
p.Arg273Cys,T138,TP53,missense_variant,0.157
p.Arg175His,T101,TP53,missense_variant,0.1919
p.Cys242Ser,T74,TP53,missense_variant,0.1953
p.Tyr220Cys,T42,TP53,missense_variant,0.2088
p.Val157Phe,T42,TP53,missense_variant,0.2161
p.Ser127Pro,T142,TP53,missense_variant,0.2337
p.Arg175His,T87,TP53,missense_variant,0.2387
p.Ile195Thr,T38,TP53,missense_variant,0.2531
p.Arg175His,T98,TP53,missense_variant,0.2588
p.Pro152Leu,T145,TP53,missense_variant,0.2692
p.Gly105Val,T145,TP53,missense_variant,0.2762
p.Arg273Cys,T142,TP53,missense_variant,0.2766
p.Gly245Ser,T28,TP53,missense_variant,0.2807
p.Arg273Cys,T26,TP53,missense_variant,0.2839
p.Val157Gly,T40,TP53,missense_variant,0.2989
p.Cys275Phe,T3,TP53,missense_variant,0.3011
p.Arg273Cys,T95,TP53,missense_variant,0.3033
p.Arg248Trp,T75,TP53,missense_variant,0.3063
p.His193Tyr,T127,TP53,missense_variant,0.312
p.Gly244Asp,T60,TP53,missense_variant,0.3159
p.Tyr234Cys,T75,TP53,missense_variant,0.3184
p.Leu130Val,T67,TP53,missense_variant,0.3199
p.Gly245Asp,T47,TP53,missense_variant,0.321
p.Arg273Cys,T8,TP53,missense_variant,0.3266
p.Pro250Leu,T7,TP53,missense_variant,0.3306
p.Gly266Glu,T41,TP53,missense_variant,0.3385
p.Gly244Asp,T33,TP53,missense_variant,0.3428
p.Arg282Trp,T108,TP53,missense_variant,0.3464
p.Pro190Leu,T96,TP53,missense_variant,0.3472
p.Cys238Tyr,T132,TP53,missense_variant,0.358
p.Arg248Gln,T110,TP53,missense_variant,0.3587
p.Arg248Trp,T61,TP53,missense_variant,0.3613
p.Cys238Tyr,T97,TP53,missense_variant,0.3627
p.Leu130Phe,T47,TP53,missense_variant,0.3663
p.Arg273His,T89,TP53,missense_variant,0.3798
p.Arg267Trp,T110,TP53,missense_variant,0.3998
p.Ile195Asn,T143,TP53,missense_variant,0.4018
p.Trp53Arg,T62,TP53,missense_variant,0.4046
p.Arg213Gln,T22,TP53,missense_variant,0.4082
p.Val272Met,T10,TP53,missense_variant,0.4145
p.Glu285Val,T93,TP53,missense_variant,0.4148
p.Arg248Trp,T57,TP53,missense_variant,0.4168
p.Tyr220Cys,T92,TP53,missense_variant,0.4173
p.Met246Val,T74,TP53,missense_variant,0.4226
p.Arg282Trp,T141,TP53,missense_variant,0.4259
p.Arg175His,T86,TP53,missense_variant,0.4322
p.Gly199Val,T35,TP53,missense_variant,0.4388
p.Arg282Trp,T150,TP53,missense_variant,0.446
p.Cys176Phe,T144,TP53,missense_variant,0.449
p.Arg282Trp,T113,TP53,missense_variant,0.454
p.Arg248Gln,T49,TP53,missense_variant,0.4555
p.Cys176Phe,T104,TP53,missense_variant,0.4576
p.Thr211Ile,T43,TP53,missense_variant,0.4592
p.Cys135Phe,T106,TP53,missense_variant,0.4596
p.Arg175His,T151,TP53,missense_variant,0.4615
p.Gly245Ser,T146,TP53,missense_variant,0.462
p.Cys242Phe,T130,TP53,missense_variant,0.4626
p.Cys275Phe,T68,TP53,missense_variant,0.472
p.Arg248Gln,T70,TP53,missense_variant,0.4722
p.Arg175His,T14,TP53,missense_variant,0.4783
p.Arg175His,T107,TP53,missense_variant,0.4876
p.Arg248Gln,T16,TP53,missense_variant,0.4906
p.Arg110Leu,T31,TP53,missense_variant,0.4951
p.Ile254Asn,T83,TP53,missense_variant,0.4978
p.Ser127Phe,T63,TP53,missense_variant,0.5174
p.His168Arg,T117,TP53,missense_variant,0.5191
p.Arg213Leu,T99,TP53,missense_variant,0.5256
p.Tyr220Cys,T124,TP53,missense_variant,0.5276
p.Arg175His,T88,TP53,missense_variant,0.5309
p.Arg273His,T133,TP53,missense_variant,0.5516
p.Arg248Gln,T103,TP53,missense_variant,0.5689
p.Arg282Trp,T15,TP53,missense_variant,0.5773
p.Arg248Gln,T123,TP53,missense_variant,0.5821
p.Arg273Cys,T17,TP53,missense_variant,0.6046
p.Arg273Cys,T37,TP53,missense_variant,0.6252
p.Val173Leu,T48,TP53,missense_variant,0.6735
p.Arg282Trp,T90,TP53,missense_variant,0.7248
-,T126,TP53,splice_acceptor_variant,0.228
-,T149,TP53,splice_acceptor_variant,0.275
-,T102,TP53,splice_acceptor_variant,0.4762
-,T38,TP53,splice_acceptor_variant,0.4784
-,T45,TP53,splice_acceptor_variant,0.5028
p.Glu204Ter,T76,TP53,stop_gained,0.2254
p.Glu68Ter,T149,TP53,stop_gained,0.2277
p.Arg342Ter,T98,TP53,stop_gained,0.2382
p.Arg342Ter,T11,TP53,stop_gained,0.3571
p.Glu258Ter,T39,TP53,stop_gained,0.4
p.Arg213Ter,T109,TP53,stop_gained,0.4587
p.Glu51Ter,T72,TP53,stop_gained,0.5069
p.Glu298Ter,T125,TP53,stop_gained,0.5204
p.Arg196Ter,T121,TP53,stop_gained,0.5333
p.Arg196Ter,T65,TP53,stop_gained,0.5458
p.Arg196Ter,T51,TP53,stop_gained,0.5929
p.Arg196Ter,T85,TP53,stop_gained,0.7575
p.Glu258Ter,T18,TP53,stop_gained,0.8481
